{
"站名": "顶级国产",
"主页url": "https://p12q09k.qoqoavideo2.xyz/aovaov",
"直接播放":"1",
"数组": "class=\"myui-vodlist__box&&</div>",
"图片": "data-original=\"&&\"",
"标题": "title=\"&&\"",
"链接":"href=\"&&\"",
"线路数组":"<ul class=\"fa\">&&</ul>",
"线路标题":">&&</a>",
"播放数组":"<div class=\"myui-vodlist__detail\">&&</div>",
//https://p12q09k.qoqoavideo2.xyz/vodsearch/-------------/?wd=美女热播&submit=
"搜索url":"https://p12q09k.qoqoavideo2.xyz/vodsearch/-------------/{wd}&submit=",
"搜索模式":"1",
"搜索数组":"class=\"myui-vodlist__box&&</div>",
"搜索图片":"data-original=\"&&\"",
"搜索标题":"title=\"&&\"",
"搜索链接":"href=\"&&\"",
"搜索后缀":"/vodtype/",
"搜索链接后缀":"-1-1/",
"搜索链接前缀":"https://p12q09k.qoqoavideo2.xyz",
"状态": " class=\"text-red\">&&</span>",
"导演": "导演：&&</p>",
"主演": "主演：&&</p>",
"简介": "<span class=\"tag pic-tag-top\"&&</span>",
"播放列表":"<a&&/a>",
"播放标题":">&&<",
"播放链接":"href=\"&&\"",
"免嗅":"1",
"嗅探词":".m3u8#.mp4#.flv#.m4a#.avi#.mkv#.mov#.3gp#.asf#.rm#.rmvb#.wmv#.mpg#.mpeg#.mpe#.ts#.vob#.mp3#.wma",
"分类":"国产$20#日本无码$22#饵食牝$136#欧美$23#欧美精品$104#三级$25#韩片$129#韩国唯美三级$132#韩国明星学生$130#韩国主播$131#AI换脸$41#国产精品$26#SWAG$135#偷拍自拍$29#精彩时刻$33#91大神$137#国产主播$35#3P群交$127#麻豆传媒$134#国产调教$81#美熟少妇$125#网红模特$86#女神学生$124#野合车震$90",  
"分类url": "https://p12q09k.qoqoavideo2.xyz/vodtype/{cateId}/page/{catePg}.html"
}