{
"spider":"https://fs-im-kefu.7moor-fs1.com/ly/4d2c3f00-7d4c-11e5-af15-41bf63ae4ea0/1717839432492/fan.txt;md5;d8f21fa84abb5ff61d7f1a0b7a78ec26",
"wallpaper":"https://深色壁纸.xxooo.cf/",

"sites":[
{"key":"豆豆","name":"全接口智能过滤广告","type": 3, "api": "csp_DouDou","searchable": 0,"quickSearch": 0,"filterable": 0},
{"key":"玩偶","name":"👽玩偶哥哥┃4K弹幕","type":3,"api":"csp_WoGG","searchable":1,"quickSearch":1,"changeable":0, "ext": {"aliToken":"tvfan/token.txt","quarkCookie":"tvfan/cookie.txt","from":"4k|auto|fhd","siteUrl":"https://www.wogg.link/","danMu":"弹"}},
{"key":"YGP","name":"🚀叨观荐影┃新片","type":3,"api":"csp_YGP","searchable":0,"quickSearch":0,"changeable":0},
{"key":"短剧","name":"🌈上头┃短剧","type":3,"api":"csp_Djuu","searchable":1,"quickSearch":1,"changeable":1},
{"key":"酷看","name":"💡酷看┃秒播","type":3,"api":"csp_Kkys","timeout":15,"searchable":1,"quickSearch":1,"changeable":1},
{"key":"原创","name":"☀原创┃不卡","type":3,"api":"csp_YCyz","timeout":15,"playerType":1,"searchable":1,"quickSearch":1,"changeable":1},
{"key":"视觉","name":"👓视觉┃多线","type":3,"api":"csp_Xinsj","timeout":15,"searchable":1,"quickSearch":1,"changeable":1,"ext":"https://www.80yy3.com/"},
{"key":"苹果","name":"🍎苹果┃不卡","type":3,"api":"csp_LiteApple","searchable":1,"quickSearch":1,"changeable":1},
{"key":"厂长","name":"📔厂长┃不卡","type":3,"api":"csp_NewCz","timeout":15,"playerType":2,"searchable":1,"quickSearch":1,"changeable":1,"ext": "https://czzy.top/"},
{"key":"zxzj","name":"🍊在线┃外剧","type":3,"api":"csp_Zxzj","timeout":15,"searchable":1,"quickSearch":1,"changeable":1,"ext":"https://www.zxzjhd.com/"},
{"key":"低端","name":"⏮️低端┃外剧","type":3,"api":"csp_Ddrk","playerType":"2","searchable":1,"quickSearch":1,"changeable":1},
{"key":"贱贱","name":"🐭贱贱┃P2P","type":3,"searchable":1,"quickSearch":1,"changeable":1,"playerType":"1","api":"https://gitlab.com/fantaiying/ext/-/raw/main/drpy2.min.js","ext":"https://gitlab.com/fantaiying/ext/-/raw/main/jp.js"},

{"key":"蛋蛋","name":"🍓蛋蛋┃多线","type":3,"api":"csp_Cddys","playerType":2,"searchable":1,"quickSearch":1,"changeable":1},
{"key":"小点","name":"💥小点┃多线","type":3,"api":"csp_Xdys","searchable":1,"quickSearch":1,"filterable":1,"changeable":0},
{"key":"热播","name":"📺热播┃多线","type":3,"api":"csp_AppTT","timeout":15,"playerType":2,"searchable":1,"quickSearch":1,"changeable":1,"ext":"AO7TcBkd8I/B5wQc4Qma+pU="},
{"key":"萌米","name":"👀萌米┃多线","type":3,"api":"csp_AppTT","timeout":15,"playerType":1,"ext":"AO7TcBkd8Iifux0Y8Qze6tVlMg=="},
{"key":"可可","name":"👻可可┃多线","type":3,"api":"csp_Kekys","timeout":15,"playerType":2,"searchable":1,"quickSearch":1,"changeable":1},
{"key":"南瓜","name":"🎃南瓜┃多线","type":3,"api":"csp_NanGua","timeout":15,"playerType":2,"searchable":1,"quickSearch":1,"changeable":1},

{"key":"比特","name":"🍄比特┃秒播","type":3,"api":"csp_Bttwoo","searchable":1,"quickSearch":1,"changeable":1},

{"key":"Lib","name": "🌟立播┃不卡","type": 3,"api": "csp_Libvio","timeout":15,"searchable": 1,"quickSearch": 1,"changeable":1,"ext":"https://www.libvio.pw/"},
{"key":"Auete","name":"🏝奥特┃无广","type": 3,"api":"csp_Auete","timeout":15,"searchable":1,"quickSearch":1,"changeable":1,"ext":"https://auete.pro/"}, 

{"key":"新6V","name":"🧲新6V┃磁力","type":3,"api":"csp_SixV","searchable":1,"quickSearch":1,"changeable":0,"ext": "http://www.xb6v.com/"},

{"key":"Dm84","name":"🚌巴士┃动漫","type":3,"api":"csp_Dm84","searchable":1,"quickSearch":1,"changeable":1},
{"key":"Ying","name":"💮樱花┃动漫","type":3,"api":"csp_Ying","searchable":1,"quickSearch":1,"changeable":1},
{"key":"Ysj","name":"🎀异界┃动漫","type":3,"api":"csp_Ysj","searchable":1,"quickSearch":1,"changeable":1},
{"key":"Anime1","name":"🐾日本┃动漫","type": 3,"api": "csp_Anime1","searchable": 1,"quickSearch": 1,"changeable":1},


{"key":"88js","name":"⚽ 88┃看球","type":3,"api":"https://gitlab.com/fantaiying/ext/-/raw/main/drpy2.min.js","ext":"https://gitlab.com/fantaiying/ext/-/raw/main/88看球.js","style":{"type":"list"},"searchable": 0,"quickSearch": 0,"changeable":0},
{"key":"Jrsjs","name":"⚽ Jrs┃球迷","type": 3,"api":"https://gitlab.com/fantaiying/ext/-/raw/main/drpy2.min.js","ext":"https://gitlab.com/fantaiying/ext/-/raw/main/jrk.js","style":{"type":"list"},"searchable": 0,"quickSearch": 0,"changeable":0},

{"key":"企鹅xp","name":"🐧鹅鹅┃体育","type":3,"api":"csp_XPath","style":{"type":"list"},"searchable":0,"quickSearch":0,"changeable":0,"ext":"https://gitlab.com/fantaiying/ext/-/raw/main/企鹅直播.json"},
{"key":"酷奇","name":"🎤酷奇┃MV","type": 3,"api":"https://gitlab.com/fantaiying/ext/-/raw/main/drpy2.min.js","ext":"https://gitlab.com/fantaiying/ext/-/raw/main/酷奇MV.js","style":{"type":"rect","ratio":1.597},"searchable": 0,"quickSearch": 0,"changeable":0},
{"key":"MTV","name":"🎧明星┃MV","type":3,"api":"csp_Bili","style":{"type":"rect","ratio":1.597},"searchable":0,"quickSearch":0,"changeable":0,"ext":"https://gitlab.com/fantaiying/ext/-/raw/main/MTV.json"},


{"key":"csp_Yj1211","name":"📽️网红┃直播","type": 3,"api": "csp_Yj1211","playerType":"1","searchable": 0,"quickSearch": 1,"changeable":0},
{"key":"虎牙直播js","name":"🐯虎牙┃直播","type":3,"api":"https://gitlab.com/fantaiying/ext/-/raw/main/drpy2.min.js","ext":"https://gitlab.com/fantaiying/ext/-/raw/main/huya2.js","style":{"type":"rect","ratio":1.755},"playerType":"1","searchable": 0,"quickSearch": 0,"changeable":0},
{"key":"斗鱼js","name":"🐟斗鱼┃直播","type":3,"api":"https://gitlab.com/fantaiying/ext/-/raw/main/drpy2.min.js","ext":"https://gitlab.com/fantaiying/ext/-/raw/main/斗鱼直播.js","style":{"type":"rect","ratio":1.755},"playerType":"1","searchable": 0,"quickSearch": 0,"changeable":0},
{"key":"聚短视频js","name":"📽️聚短┃视频","type":3,"api":"https://gitlab.com/fantaiying/ext/-/raw/main/drpy2.min.js","ext":"https://gitlab.com/fantaiying/ext/-/raw/main/短视频.js","searchable": 0,"quickSearch": 0,"changeable":0},
{"key":"有声小说js","name":"🎧有声┃小说","type":3,"api":"https://gitlab.com/fantaiying/ext/-/raw/main/drpy2.min.js","ext":"https://gitlab.com/fantaiying/ext/-/raw/main/有声小说吧.js","style":{"type":"rect","ratio":1},"searchable": 0,"quickSearch": 0,"changeable":0},
{"key":"Aid","name":"🚑急救┃教学","type":3,"api":"csp_FirstAid","searchable":0,"quickSearch":0,"changeable":0,"style": { "type": "rect", "ratio":3.8}},

{"key":"米搜","name":"🦋米搜┃搜索","type":3,"api":"csp_MIPanSo","searchable":1,"quickSearch":1,"changeable":0,"ext": {"pan":"quark","quarkCookie":"tvfan/cookie.txt","from":"4k|auto|fhd"}},
{"key":"夸搜","name":"🐌夸搜┃搜索","type":3,"api":"csp_PanSearch","searchable":1,"quickSearch":1,"changeable":0,"ext": {"pan":"quark","quarkCookie":"tvfan/cookie.txt","from":"4k|auto|fhd"}},
{"key":"YiSo","name":"😹易搜┃搜索","type":3,"api":"csp_YiSo","searchable":1,"quickSearch":1,"changeable":0,"ext": {"aliToken":"tvfan/token.txt","from":"4k|auto|fhd"}},
{"key":"PanSou","name":"🦊盘搜┃搜索","type":3,"api":"csp_PanSou","searchable":1,"quickSearch":1,"changeable":0,"ext": {"aliToken":"tvfan/token.txt","from":"4k|auto|fhd"}},
{"key":"UpYun","name":"😻Up搜┃搜索","type":3,"api":"csp_UpYun","searchable":1,"quickSearch":1,"changeable":0,"ext": {"aliToken":"tvfan/token.txt","from":"4k|auto|fhd"}},
{"key":"PanSearch","name":"🙀盘Se┃搜索","type":3,"api":"csp_PanSearch","searchable":1,"quickSearch":1,"changeable":0,"ext": {"aliToken":"tvfan/token.txt","from":"4k|auto|fhd"}},
{"key":"push_agent","name":"🛴手机┃推送","type":3,"api":"csp_Push","searchable":0,"quickSearch":0,"ext": {"aliToken":"tvfan/token.txt","quarkCookie":"tvfan/cookie.txt","from":"4k|auto|fhd"}},

{"key":"Bili","name":"🅱哔哔┃合集","type": 3,"api": "csp_Bili","style":{"type":"rect","ratio":1.597},"searchable":1,"quickSearch":0,"changeable":0,"ext":"https://gitlab.com/fantaiying/ext/-/raw/main/bilibili.json"},
{"key":"Biliych","name":"🅱明星┃演唱会","type": 3,"api": "csp_Bili","style":{"type":"rect","ratio":1.597},"searchable":1,"quickSearch":0,"changeable":0,"ext":"https://gitlab.com/fantaiying/ext/-/raw/main/biliych.json"},
{"key":"dr_兔小贝","name":"📚儿童┃启蒙","type":3,"api":"https://gitlab.com/fantaiying/ext/-/raw/main/drpy2.min.js","ext":"https://gitlab.com/fantaiying/ext/-/raw/main/%E5%85%94%E5%B0%8F%E8%B4%9D.js","style":{"type":"rect","ratio":1.597},"searchable": 0,"quickSearch": 0,"changeable":0},
{"key":"少儿教育","name":"📚少儿┃教育","type":3,"api":"csp_Bili","style":{"type":"rect","ratio":1.597},"searchable":0,"quickSearch":0,"changeable":0,"ext":"https://gitlab.com/fantaiying/ext/-/raw/main/少儿教育.json"},
{"key":"小学课堂","name":"📚小学┃课堂","type":3,"api":"csp_Bili","style":{"type":"rect","ratio":1.597},"searchable":0,"quickSearch":0,"changeable":0,"ext":"https://gitlab.com/fantaiying/ext/-/raw/main/小学课堂.json"},
{"key":"初中课堂","name":"📚初中┃课堂","type":3,"api":"csp_Bili","style":{"type":"rect","ratio":1.597},"searchable":0,"quickSearch":0,"changeable":0,"ext":"https://gitlab.com/fantaiying/ext/-/raw/main/初中课堂.json"},
{"key":"高中教育","name":"📚高中┃课堂","type":3,"api":"csp_Bili","style":{"type":"rect","ratio":1.597},"searchable":0,"quickSearch":0,"changeable":0,"ext":"https://gitlab.com/fantaiying/ext/-/raw/main/高中课堂.json"},
{"key":"Nbys","name":"🛫泥巴┃飞","type":3,"api":"csp_NiNi","searchable":1,"quickSearch":1,"changeable":1},
{"key":"fan","name":"导航 www.饭太硬.com","type":3,"api":"csp_XPath","searchable":1,"quickSearch":0,"changeable":0},
{"key":"cc","name":"请勿相信视频中广告","type":3,"api":"csp_XPath","searchable":1,"quickSearch":0,"changeable":0}
],

"doh":[{"name":"Google","url":"https://dns.google/dns-query","ips":["8.8.4.4","8.8.8.8"]},{"name":"Cloudflare","url":"https://cloudflare-dns.com/dns-query","ips":["1.1.1.1","1.0.0.1","2606:4700:4700::1111","2606:4700:4700::1001"]},{"name":"AdGuard","url":"https://dns.adguard.com/dns-query","ips":["94.140.14.140","94.140.14.141"]},{"name":"DNSWatch","url":"https://resolver2.dns.watch/dns-query","ips":["84.200.69.80","84.200.70.40"]},{"name":"Quad9","url":"https://dns.quad9.net/dns-quer","ips":["9.9.9.9","149.112.112.112"]}],
"logo":"https://fs-im-kefu.7moor-fs1.com/ly/4d2c3f00-7d4c-11e5-af15-41bf63ae4ea0/1716545739254/fc1b89e152cd4aa28d295107cb6c56c9.gif",
"lives":[
{"name":"live","type":0,"url":"https://www.huichunniao.cn/xh/lib/live.txt","playerType":1},
{ "name": "XIUTAN", "ua": "Mozilla/5.0 (Windows NT 10.0; Win64; x64) AppleWebKit/537.36 (KHTML, like Gecko) Chrome/120.0.0.0 Safari/537.36 Edg/120.0.0.0", "type": 0, "url": "https://xhdwc.tk/xiutan.m3u" },{"name":"IPV6","type":0,"url":"https://live.fanmingming.com/tv/m3u/ipv6.m3u","playerType":1 }]

}