{
"urls":[
{
"url":"https://mirror.ghproxy.com/https://raw.githubusercontent.com/qirenzhidao/tvbox18/main/app.json",
"name":"app线路"
},
{
"url":"https://mirror.ghproxy.com/https://raw.githubusercontent.com/qirenzhidao/tvbox18/main/pg/jsm.json",
"name":"panda Groove"
},
{
"url":"https://mirror.ghproxy.com/https://raw.githubusercontent.com/qirenzhidao/tvbox18/main/tv.json",
"name":"南瓜"
},
{
"url":"https://mirror.ghproxy.com/https://raw.githubusercontent.com/qirenzhidao/tvbox18/main/fan.json",
"name":"饭太硬"
},
{
"url":"https://mirror.ghproxy.com/https://raw.githubusercontent.com/qirenzhidao/tvbox18/main/fongmi.json",
"name":"蜂蜜"
},
{
"url":"https://mirror.ghproxy.com/https://raw.githubusercontent.com/qirenzhidao/tvbox18/main/XYQTVBox/XYQTVBox.json",
"name":"香雅情"
},
{
"url":"https://mirror.ghproxy.com/https://raw.githubusercontent.com/qirenzhidao/tvbox18/main/XYQTVBox/drpy_js/drjs_config.json",
"name":"道长"
}
]
}