{
  "player": {
    "duoduozy": {
      "sh": "LINE100",
      "pu": "",
      "sn": 0,
      "or": 999
    },
    "LINE405": {
      "sh": "LINE405",
      "pu": "https://sh-data-s01.chinaeast2.cloudapp.chinacloudapi.cn/lb.php?url=",
      "sn": 1,
      "or": 999
    },
    "LINE406": {
      "sh": "LINE406",
      "pu": "https://sh-data-s01.chinaeast2.cloudapp.chinacloudapi.cn/zm.php?url=",
      "sn": 1,
      "or": 999
    },
    "LINE407": {
      "sh": "LINE407",
      "pu": "https://sh-data-s01.chinaeast2.cloudapp.chinacloudapi.cn/lb.php?url=",
      "sn": 1,
      "or": 999
    },
    "LINE408": {
      "sh": "LINE408",
      "pu": "",
      "sn": 0,
      "or": 999
    },
    "p300": {
      "sh": "LINE300",
      "pu": "",
      "sn": 0,
      "or": 999
    },
    "p301": {
      "sh": "LINE301",
      "pu": "",
      "sn": 0,
      "or": 999
    },
    "line402-日语": {
      "sh": "LINE402",
      "pu": "",
      "sn": 0,
      "or": 999
    },
    "LINE400": {
      "sh": "LINE400",
      "pu": "https://sh-data-s01.chinaeast2.cloudapp.chinacloudapi.cn/lb.php?url=",
      "sn": 1,
      "or": 999
    },
    "line401": {
      "sh": "LINE401",
      "pu": "",
      "sn": 0,
      "or": 999
    }
  },
  "filter": {
    "1": [
      {
        "key": "3",
        "name": "类型",
        "value": [
          {
            "n": "全部",
            "v": ""
          },
          {
            "n": "喜剧",
            "v": "喜剧"
          },
          {
            "n": "爱情",
            "v": "爱情"
          },
          {
            "n": "恐怖",
            "v": "恐怖"
          },
          {
            "n": "动作",
            "v": "动作"
          },
          {
            "n": "科幻",
            "v": "科幻"
          },
          {
            "n": "剧情",
            "v": "剧情"
          },
          {
            "n": "战争",
            "v": "战争"
          },
          {
            "n": "警匪",
            "v": "警匪"
          },
          {
            "n": "犯罪",
            "v": "犯罪"
          },
          {
            "n": "动画",
            "v": "动画"
          },
          {
            "n": "奇幻",
            "v": "奇幻"
          },
          {
            "n": "武侠",
            "v": "武侠"
          },
          {
            "n": "冒险",
            "v": "冒险"
          },
          {
            "n": "枪战",
            "v": "枪战"
          },
          {
            "n": "恐怖",
            "v": "恐怖"
          },
          {
            "n": "悬疑",
            "v": "悬疑"
          },
          {
            "n": "惊悚",
            "v": "惊悚"
          },
          {
            "n": "经典",
            "v": "经典"
          },
          {
            "n": "青春",
            "v": "青春"
          },
          {
            "n": "文艺",
            "v": "文艺"
          },
          {
            "n": "微电影",
            "v": "微电影"
          },
          {
            "n": "古装",
            "v": "古装"
          },
          {
            "n": "历史",
            "v": "历史"
          },
          {
            "n": "运动",
            "v": "运动"
          },
          {
            "n": "农村",
            "v": "农村"
          },
          {
            "n": "儿童",
            "v": "儿童"
          }
        ]
      },
      {
        "key": "1",
        "name": "地区",
        "value": [
          {
            "n": "全部",
            "v": ""
          },
          {
            "n": "中国大陆",
            "v": "中国大陆"
          },
          {
            "n": "中国香港",
            "v": "中国香港"
          },
          {
            "n": "中国台湾",
            "v": "中国台湾"
          },
          {
            "n": "美国",
            "v": "美国"
          },
          {
            "n": "法国",
            "v": "法国"
          },
          {
            "n": "英国",
            "v": "英国"
          },
          {
            "n": "日本",
            "v": "日本"
          },
          {
            "n": "韩国",
            "v": "韩国"
          },
          {
            "n": "德国",
            "v": "德国"
          },
          {
            "n": "泰国",
            "v": "泰国"
          },
          {
            "n": "印度",
            "v": "印度"
          },
          {
            "n": "意大利",
            "v": "意大利"
          },
          {
            "n": "西班牙",
            "v": "西班牙"
          },
          {
            "n": "加拿大",
            "v": "加拿大"
          },
          {
            "n": "其他",
            "v": "其他"
          }
        ]
      },
      {
        "key": "11",
        "name": "年份",
        "value": [
          {
            "n": "全部",
            "v": ""
          },
          {
            "n": "2022",
            "v": "2022"
          },
          {
            "n": "2021",
            "v": "2021"
          },
          {
            "n": "2020",
            "v": "2020"
          },
          {
            "n": "2019",
            "v": "2019"
          },
          {
            "n": "2018",
            "v": "2018"
          },
          {
            "n": "2017",
            "v": "2017"
          },
          {
            "n": "2016",
            "v": "2016"
          },
          {
            "n": "2015",
            "v": "2015"
          },
          {
            "n": "2014",
            "v": "2014"
          },
          {
            "n": "2013",
            "v": "2013"
          },
          {
            "n": "2012",
            "v": "2012"
          },
          {
            "n": "2011",
            "v": "2011"
          },
          {
            "n": "2010",
            "v": "2010"
          },
          {
            "n": "2009",
            "v": "2009"
          },
          {
            "n": "2008",
            "v": "2008"
          },
          {
            "n": "2007",
            "v": "2007"
          },
          {
            "n": "2006",
            "v": "2006"
          },
          {
            "n": "2005",
            "v": "2005"
          },
          {
            "n": "2004",
            "v": "2004"
          },
          {
            "n": "2003",
            "v": "2003"
          },
          {
            "n": "2002",
            "v": "2002"
          },
          {
            "n": "2001",
            "v": "2001"
          },
          {
            "n": "2000",
            "v": "2000"
          }
        ]
      },
      {
        "key": "4",
        "name": "语言",
        "value": [
          {
            "n": "全部",
            "v": ""
          },
          {
            "n": "英语",
            "v": "英语"
          },
          {
            "n": "韩语",
            "v": "韩语"
          },
          {
            "n": "日语",
            "v": "日语"
          },
          {
            "n": "法语",
            "v": "法语"
          },
          {
            "n": "泰语",
            "v": "泰语"
          },
          {
            "n": "德语",
            "v": "德语"
          },
          {
            "n": "印度语",
            "v": "印度语"
          },
          {
            "n": "国语",
            "v": "国语"
          },
          {
            "n": "粤语",
            "v": "粤语"
          },
          {
            "n": "俄语",
            "v": "俄语"
          },
          {
            "n": "西班牙语",
            "v": "西班牙语"
          },
          {
            "n": "意大利语",
            "v": "意大利语"
          },
          {
            "n": "其它",
            "v": "其它"
          }
        ]
      },
      {
        "key": "2",
        "name": "排序",
        "value": [
          {
            "n": "时间",
            "v": "time"
          },
          {
            "n": "人气",
            "v": "hits"
          },
          {
            "n": "评分",
            "v": "score"
          }
        ]
      }
    ],
    "2": [
      {
        "key": "3",
        "name": "类型",
        "value": [
          {
            "n": "全部",
            "v": ""
          },
          {
            "n": "古装",
            "v": "古装"
          },
          {
            "n": "战争",
            "v": "战争"
          },
          {
            "n": "青春偶像",
            "v": "青春偶像"
          },
          {
            "n": "喜剧",
            "v": "喜剧"
          },
          {
            "n": "家庭",
            "v": "家庭"
          },
          {
            "n": "犯罪",
            "v": "犯罪"
          },
          {
            "n": "动作",
            "v": "动作"
          },
          {
            "n": "奇幻",
            "v": "奇幻"
          },
          {
            "n": "剧情",
            "v": "剧情"
          },
          {
            "n": "历史",
            "v": "历史"
          },
          {
            "n": "经典",
            "v": "经典"
          },
          {
            "n": "乡村",
            "v": "乡村"
          },
          {
            "n": "情景",
            "v": "情景"
          },
          {
            "n": "商战",
            "v": "商战"
          },
          {
            "n": "网剧",
            "v": "网剧"
          },
          {
            "n": "其他",
            "v": "其他"
          }
        ]
      },
      {
        "key": "1",
        "name": "地区",
        "value": [
          {
            "n": "全部",
            "v": ""
          },
          {
            "n": "中国大陆",
            "v": "中国大陆"
          },
          {
            "n": "中国台湾",
            "v": "中国台湾"
          },
          {
            "n": "中国香港",
            "v": "中国香港"
          },
          {
            "n": "韩国",
            "v": "韩国"
          },
          {
            "n": "日本",
            "v": "日本"
          },
          {
            "n": "美国",
            "v": "美国"
          },
          {
            "n": "泰国",
            "v": "泰国"
          },
          {
            "n": "英国",
            "v": "英国"
          },
          {
            "n": "新加坡",
            "v": "新加坡"
          },
          {
            "n": "其他",
            "v": "其他"
          }
        ]
      },
      {
        "key": "4",
        "name": "语言",
        "value": [
          {
            "n": "全部",
            "v": ""
          },
          {
            "n": "英语",
            "v": "英语"
          },
          {
            "n": "韩语",
            "v": "韩语"
          },
          {
            "n": "日语",
            "v": "日语"
          },
          {
            "n": "法语",
            "v": "法语"
          },
          {
            "n": "泰语",
            "v": "泰语"
          },
          {
            "n": "德语",
            "v": "德语"
          },
          {
            "n": "印度语",
            "v": "印度语"
          },
          {
            "n": "国语",
            "v": "国语"
          },
          {
            "n": "粤语",
            "v": "粤语"
          },
          {
            "n": "俄语",
            "v": "俄语"
          },
          {
            "n": "西班牙语",
            "v": "西班牙语"
          },
          {
            "n": "意大利语",
            "v": "意大利语"
          },
          {
            "n": "其它",
            "v": "其它"
          }
        ]
      },
      {
        "key": "11",
        "name": "年份",
        "value": [
          {
            "n": "全部",
            "v": ""
          },
          {
            "n": "2022",
            "v": "2022"
          },
          {
            "n": "2021",
            "v": "2021"
          },
          {
            "n": "2020",
            "v": "2020"
          },
          {
            "n": "2019",
            "v": "2019"
          },
          {
            "n": "2018",
            "v": "2018"
          },
          {
            "n": "2017",
            "v": "2017"
          },
          {
            "n": "2016",
            "v": "2016"
          },
          {
            "n": "2015",
            "v": "2015"
          },
          {
            "n": "2014",
            "v": "2014"
          },
          {
            "n": "2013",
            "v": "2013"
          },
          {
            "n": "2012",
            "v": "2012"
          },
          {
            "n": "2011",
            "v": "2011"
          },
          {
            "n": "2010",
            "v": "2010"
          },
          {
            "n": "2009",
            "v": "2009"
          },
          {
            "n": "2008",
            "v": "2008"
          },
          {
            "n": "2007",
            "v": "2007"
          },
          {
            "n": "2006",
            "v": "2006"
          },
          {
            "n": "2005",
            "v": "2005"
          },
          {
            "n": "2004",
            "v": "2004"
          },
          {
            "n": "2003",
            "v": "2003"
          },
          {
            "n": "2002",
            "v": "2002"
          },
          {
            "n": "2001",
            "v": "2001"
          },
          {
            "n": "2000",
            "v": "2000"
          }
        ]
      },
      {
        "key": "2",
        "name": "排序",
        "value": [
          {
            "n": "时间",
            "v": "time"
          },
          {
            "n": "人气",
            "v": "hits"
          },
          {
            "n": "评分",
            "v": "score"
          }
        ]
      }
    ],
    "4": [
      {
        "key": "3",
        "name": "类型",
        "value": [
          {
            "n": "全部",
            "v": ""
          },
          {
            "n": "情感",
            "v": "情感"
          },
          {
            "n": "科幻",
            "v": "科幻"
          },
          {
            "n": "热血",
            "v": "热血"
          },
          {
            "n": "推理",
            "v": "推理"
          },
          {
            "n": "搞笑",
            "v": "搞笑"
          },
          {
            "n": "冒险",
            "v": "冒险"
          },
          {
            "n": "萝莉",
            "v": "萝莉"
          },
          {
            "n": "校园",
            "v": "校园"
          },
          {
            "n": "动作",
            "v": "动作"
          },
          {
            "n": "机战",
            "v": "机战"
          },
          {
            "n": "运动",
            "v": "运动"
          },
          {
            "n": "战争",
            "v": "战争"
          },
          {
            "n": "少年",
            "v": "少年"
          },
          {
            "n": "少女",
            "v": "少女"
          },
          {
            "n": "社会",
            "v": "社会"
          },
          {
            "n": "原创",
            "v": "原创"
          },
          {
            "n": "亲子",
            "v": "亲子"
          },
          {
            "n": "益智",
            "v": "益智"
          },
          {
            "n": "励志",
            "v": "励志"
          },
          {
            "n": "其他",
            "v": "其他"
          }
        ]
      },
      {
        "key": "1",
        "name": "地区",
        "value": [
          {
            "n": "全部",
            "v": ""
          },
          {
            "n": "中国",
            "v": "中国"
          },
          {
            "n": "日本",
            "v": "日本"
          },
          {
            "n": "欧美",
            "v": "欧美"
          },
          {
            "n": "其他",
            "v": "其他"
          }
        ]
      },
      {
        "key": "11",
        "name": "年份",
        "value": [
          {
            "n": "全部",
            "v": ""
          },
          {
            "n": "2022",
            "v": "2022"
          },
          {
            "n": "2021",
            "v": "2021"
          },
          {
            "n": "2020",
            "v": "2020"
          },
          {
            "n": "2019",
            "v": "2019"
          },
          {
            "n": "2018",
            "v": "2018"
          },
          {
            "n": "2017",
            "v": "2017"
          },
          {
            "n": "2016",
            "v": "2016"
          },
          {
            "n": "2015",
            "v": "2015"
          },
          {
            "n": "2014",
            "v": "2014"
          },
          {
            "n": "2013",
            "v": "2013"
          },
          {
            "n": "2012",
            "v": "2012"
          },
          {
            "n": "2011",
            "v": "2011"
          },
          {
            "n": "2010",
            "v": "2010"
          },
          {
            "n": "2009",
            "v": "2009"
          },
          {
            "n": "2008",
            "v": "2008"
          },
          {
            "n": "2007",
            "v": "2007"
          },
          {
            "n": "2006",
            "v": "2006"
          },
          {
            "n": "2005",
            "v": "2005"
          },
          {
            "n": "2004",
            "v": "2004"
          },
          {
            "n": "2003",
            "v": "2003"
          },
          {
            "n": "2002",
            "v": "2002"
          },
          {
            "n": "2001",
            "v": "2001"
          },
          {
            "n": "2000",
            "v": "2000"
          }
        ]
      },
      {
        "key": "2",
        "name": "排序",
        "value": [
          {
            "n": "时间",
            "v": "time"
          },
          {
            "n": "人气",
            "v": "hits"
          },
          {
            "n": "评分",
            "v": "score"
          }
        ]
      }
    ],
    "15": [
      {
        "key": "3",
        "name": "类型",
        "value": [
          {
            "n": "全部",
            "v": ""
          },
          {
            "n": "古装",
            "v": "古装"
          },
          {
            "n": "战争",
            "v": "战争"
          },
          {
            "n": "青春偶像",
            "v": "青春偶像"
          },
          {
            "n": "喜剧",
            "v": "喜剧"
          },
          {
            "n": "家庭",
            "v": "家庭"
          },
          {
            "n": "犯罪",
            "v": "犯罪"
          },
          {
            "n": "动作",
            "v": "动作"
          },
          {
            "n": "奇幻",
            "v": "奇幻"
          },
          {
            "n": "剧情",
            "v": "剧情"
          },
          {
            "n": "历史",
            "v": "历史"
          },
          {
            "n": "经典",
            "v": "经典"
          },
          {
            "n": "乡村",
            "v": "乡村"
          },
          {
            "n": "情景",
            "v": "情景"
          },
          {
            "n": "商战",
            "v": "商战"
          },
          {
            "n": "网剧",
            "v": "网剧"
          },
          {
            "n": "惊悚",
            "v": "惊悚"
          },
          {
            "n": "其他",
            "v": "其他"
          }
        ]
      },
      {
        "key": "1",
        "name": "地区",
        "value": [
          {
            "n": "全部",
            "v": ""
          },
          {
            "n": "日本",
            "v": "日本"
          },
          {
            "n": "韩国",
            "v": "韩国"
          }
        ]
      },
      {
        "key": "11",
        "name": "年份",
        "value": [
          {
            "n": "全部",
            "v": ""
          },
          {
            "n": "2022",
            "v": "2022"
          },
          {
            "n": "2021",
            "v": "2021"
          },
          {
            "n": "2020",
            "v": "2020"
          },
          {
            "n": "2019",
            "v": "2019"
          },
          {
            "n": "2018",
            "v": "2018"
          },
          {
            "n": "2017",
            "v": "2017"
          },
          {
            "n": "2016",
            "v": "2016"
          },
          {
            "n": "2015",
            "v": "2015"
          },
          {
            "n": "2014",
            "v": "2014"
          },
          {
            "n": "2013",
            "v": "2013"
          },
          {
            "n": "2012",
            "v": "2012"
          },
          {
            "n": "2011",
            "v": "2011"
          },
          {
            "n": "2010",
            "v": "2010"
          },
          {
            "n": "2009",
            "v": "2009"
          },
          {
            "n": "2008",
            "v": "2008"
          },
          {
            "n": "2007",
            "v": "2007"
          },
          {
            "n": "2006",
            "v": "2006"
          },
          {
            "n": "2005",
            "v": "2005"
          },
          {
            "n": "2004",
            "v": "2004"
          },
          {
            "n": "2003",
            "v": "2003"
          },
          {
            "n": "2002",
            "v": "2002"
          },
          {
            "n": "2001",
            "v": "2001"
          },
          {
            "n": "2000",
            "v": "2000"
          }
        ]
      },
      {
        "key": "2",
        "name": "排序",
        "value": [
          {
            "n": "时间",
            "v": "time"
          },
          {
            "n": "人气",
            "v": "hits"
          },
          {
            "n": "评分",
            "v": "score"
          }
        ]
      }
    ],
    "16": [
      {
        "key": "3",
        "name": "类型",
        "value": [
          {
            "n": "全部",
            "v": ""
          },
          {
            "n": "古装",
            "v": "古装"
          },
          {
            "n": "战争",
            "v": "战争"
          },
          {
            "n": "青春偶像",
            "v": "青春偶像"
          },
          {
            "n": "喜剧",
            "v": "喜剧"
          },
          {
            "n": "家庭",
            "v": "家庭"
          },
          {
            "n": "犯罪",
            "v": "犯罪"
          },
          {
            "n": "动作",
            "v": "动作"
          },
          {
            "n": "奇幻",
            "v": "奇幻"
          },
          {
            "n": "剧情",
            "v": "剧情"
          },
          {
            "n": "历史",
            "v": "历史"
          },
          {
            "n": "经典",
            "v": "经典"
          },
          {
            "n": "乡村",
            "v": "乡村"
          },
          {
            "n": "情景",
            "v": "情景"
          },
          {
            "n": "商战",
            "v": "商战"
          },
          {
            "n": "网剧",
            "v": "网剧"
          },
          {
            "n": "其他",
            "v": "其他"
          }
        ]
      },
      {
        "key": "1",
        "name": "地区",
        "value": [
          {
            "n": "全部",
            "v": ""
          },
          {
            "n": "美国",
            "v": "美国"
          },
          {
            "n": "英国",
            "v": "英国"
          },
          {
            "n": "德国",
            "v": "德国"
          },
          {
            "n": "加拿大",
            "v": "加拿大"
          },
          {
            "n": "其他",
            "v": "其他"
          }
        ]
      },
      {
        "key": "11",
        "name": "年份",
        "value": [
          {
            "n": "全部",
            "v": ""
          },
          {
            "n": "2022",
            "v": "2022"
          },
          {
            "n": "2021",
            "v": "2021"
          },
          {
            "n": "2020",
            "v": "2020"
          },
          {
            "n": "2019",
            "v": "2019"
          },
          {
            "n": "2018",
            "v": "2018"
          },
          {
            "n": "2017",
            "v": "2017"
          },
          {
            "n": "2016",
            "v": "2016"
          },
          {
            "n": "2015",
            "v": "2015"
          },
          {
            "n": "2014",
            "v": "2014"
          },
          {
            "n": "2013",
            "v": "2013"
          },
          {
            "n": "2012",
            "v": "2012"
          },
          {
            "n": "2011",
            "v": "2011"
          },
          {
            "n": "2010",
            "v": "2010"
          },
          {
            "n": "2009",
            "v": "2009"
          },
          {
            "n": "2008",
            "v": "2008"
          },
          {
            "n": "2007",
            "v": "2007"
          },
          {
            "n": "2006",
            "v": "2006"
          },
          {
            "n": "2005",
            "v": "2005"
          },
          {
            "n": "2004",
            "v": "2004"
          },
          {
            "n": "2003",
            "v": "2003"
          },
          {
            "n": "2002",
            "v": "2002"
          },
          {
            "n": "2001",
            "v": "2001"
          },
          {
            "n": "2000",
            "v": "2000"
          }
        ]
      },
      {
        "key": "4",
        "name": "语言",
        "value": [
          {
            "n": "全部",
            "v": ""
          },
          {
            "n": "国语",
            "v": "国语"
          },
          {
            "n": "日语",
            "v": "日语"
          },
          {
            "n": "英语",
            "v": "英语"
          },
          {
            "n": "其他",
            "v": "其他"
          }
        ]
      },
      {
        "key": "2",
        "name": "排序",
        "value": [
          {
            "n": "时间",
            "v": "time"
          },
          {
            "n": "人气",
            "v": "hits"
          },
          {
            "n": "评分",
            "v": "score"
          }
        ]
      }
    ]
  }
}