{
  "player": {
    "plyr": {
      "sh": "欧乐官方播放器",
      "sn": 0,
      "pu": "",
      "or": 999
    },
    "openplayer": {
      "sh": "欧乐影院",
      "sn": 0,
      "pu": "",
      "or": 999
    },
    "videojs": {
      "sh": "欧乐直播播放",
      "sn": 0,
      "pu": "",
      "or": 999
    }
  },
  "filter": {
    "1": [
      {
        "key": "tid",
        "name": "分类",
        "value": [
          {
            "n": "全部",
            "v": ""
          },
          {
            "n": "动作片",
            "v": "101"
          },
          {
            "n": "喜剧片",
            "v": "102"
          },
          {
            "n": "爱情片",
            "v": "103"
          },
          {
            "n": "科幻片",
            "v": "104"
          },
          {
            "n": "恐怖片",
            "v": "105"
          },
          {
            "n": "剧情片",
            "v": "106"
          },
          {
            "n": "战争片",
            "v": "107"
          },
          {
            "n": "动画片",
            "v": "108"
          },
          {
            "n": "悬疑片",
            "v": "109"
          },
          {
            "n": "惊悚片",
            "v": "110"
          },
          {
            "n": "纪录片",
            "v": "111"
          },
          {
            "n": "奇幻片",
            "v": "112"
          },
          {
            "n": "犯罪片",
            "v": "113"
          }
        ]
      },
      {
        "key": "area",
        "name": "地区",
        "value": [
          {
            "n": "全部",
            "v": ""
          },
          {
            "n": "大陆",
            "v": "大陆"
          },
          {
            "n": "香港",
            "v": "香港"
          },
          {
            "n": "台湾",
            "v": "台湾"
          },
          {
            "n": "美国",
            "v": "美国"
          },
          {
            "n": "韩国",
            "v": "韩国"
          },
          {
            "n": "日本",
            "v": "日本"
          },
          {
            "n": "印度",
            "v": "印度"
          },
          {
            "n": "英国",
            "v": "英国"
          },
          {
            "n": "法国",
            "v": "法国"
          },
          {
            "n": "加拿大",
            "v": "加拿大"
          },
          {
            "n": "西班牙",
            "v": "西班牙"
          },
          {
            "n": "德国",
            "v": "德国"
          },
          {
            "n": "俄罗斯",
            "v": "俄罗斯"
          },
          {
            "n": "意大利",
            "v": "意大利"
          },
          {
            "n": "泰国",
            "v": "泰国"
          },
          {
            "n": "新加坡",
            "v": "新加坡"
          },
          {
            "n": "马来西亚",
            "v": "马来西亚"
          },
          {
            "n": "其它",
            "v": "其它"
          }
        ]
      },
      {
        "key": "year",
        "name": "年份",
        "value": [
          {
            "n": "全部",
            "v": ""
          },
          {
            "n": "2022",
            "v": "2022"
          },
          {
            "n": "2021",
            "v": "2021"
          },
          {
            "n": "2020",
            "v": "2020"
          },
          {
            "n": "2019",
            "v": "2019"
          },
          {
            "n": "2018",
            "v": "2018"
          },
          {
            "n": "2017",
            "v": "2017"
          },
          {
            "n": "2016",
            "v": "2016"
          },
          {
            "n": "2015",
            "v": "2015"
          },
          {
            "n": "2014",
            "v": "2014"
          },
          {
            "n": "2013",
            "v": "2013"
          },
          {
            "n": "2012",
            "v": "2012"
          },
          {
            "n": "2011",
            "v": "2011"
          },
          {
            "n": "2010",
            "v": "2010"
          },
          {
            "n": "2009",
            "v": "2009"
          },
          {
            "n": "2008",
            "v": "2008"
          },
          {
            "n": "2007",
            "v": "2007"
          },
          {
            "n": "2006",
            "v": "2006"
          },
          {
            "n": "2005",
            "v": "2005"
          },
          {
            "n": "2004",
            "v": "2004"
          },
          {
            "n": "2003",
            "v": "2003"
          },
          {
            "n": "2002",
            "v": "2002"
          },
          {
            "n": "2001",
            "v": "2001"
          },
          {
            "n": "2000",
            "v": "2000"
          }
        ]
      },
      {
        "key": "lang",
        "name": "语言",
        "value": [
          {
            "n": "全部",
            "v": ""
          },
          {
            "n": "国语",
            "v": "国语"
          },
          {
            "n": "英语",
            "v": "英语"
          },
          {
            "n": "粤语",
            "v": "粤语"
          },
          {
            "n": "西语",
            "v": "西语"
          },
          {
            "n": "韩语",
            "v": "韩语"
          },
          {
            "n": "日语",
            "v": "日语"
          },
          {
            "n": "法语",
            "v": "法语"
          },
          {
            "n": "俄语",
            "v": "俄语"
          },
          {
            "n": "意大利语",
            "v": "意大利语"
          },
          {
            "n": "德语",
            "v": "德语"
          },
          {
            "n": "印地语",
            "v": "印地语"
          },
          {
            "n": "其它",
            "v": "其它"
          }
        ]
      },
      {
        "key": "letter",
        "name": "字母",
        "value": [
          {
            "n": "全部",
            "v": ""
          },
          {
            "n": "A",
            "v": "A"
          },
          {
            "n": "B",
            "v": "B"
          },
          {
            "n": "C",
            "v": "C"
          },
          {
            "n": "D",
            "v": "D"
          },
          {
            "n": "E",
            "v": "E"
          },
          {
            "n": "F",
            "v": "F"
          },
          {
            "n": "G",
            "v": "G"
          },
          {
            "n": "H",
            "v": "H"
          },
          {
            "n": "I",
            "v": "I"
          },
          {
            "n": "J",
            "v": "J"
          },
          {
            "n": "K",
            "v": "K"
          },
          {
            "n": "L",
            "v": "L"
          },
          {
            "n": "M",
            "v": "M"
          },
          {
            "n": "N",
            "v": "N"
          },
          {
            "n": "O",
            "v": "O"
          },
          {
            "n": "P",
            "v": "P"
          },
          {
            "n": "Q",
            "v": "Q"
          },
          {
            "n": "R",
            "v": "R"
          },
          {
            "n": "S",
            "v": "S"
          },
          {
            "n": "T",
            "v": "T"
          },
          {
            "n": "U",
            "v": "U"
          },
          {
            "n": "V",
            "v": "V"
          },
          {
            "n": "W",
            "v": "W"
          },
          {
            "n": "X",
            "v": "X"
          },
          {
            "n": "Y",
            "v": "Y"
          },
          {
            "n": "Z",
            "v": "Z"
          }
        ]
      },
      {
        "key": "ifvip",
        "name": "权限",
        "value": [
          {
            "n": "全部",
            "v": ""
          },
          {
            "n": "免费",
            "v": "2"
          },
          {
            "n": "会员",
            "v": "3"
          }
        ]
      }
    ],
    "2": [
      {
        "key": "tid",
        "name": "分类",
        "value": [
          {
            "n": "全部",
            "v": ""
          },
          {
            "n": "国产剧",
            "v": "202"
          },
          {
            "n": "欧美剧",
            "v": "201"
          },
          {
            "n": "港台剧",
            "v": "203"
          },
          {
            "n": "日韩剧",
            "v": "204"
          }
        ]
      },
      {
        "key": "area",
        "name": "地区",
        "value": [
          {
            "n": "全部",
            "v": ""
          },
          {
            "n": "大陆",
            "v": "大陆"
          },
          {
            "n": "香港",
            "v": "香港"
          },
          {
            "n": "台湾",
            "v": "台湾"
          },
          {
            "n": "美国",
            "v": "美国"
          },
          {
            "n": "韩国",
            "v": "韩国"
          },
          {
            "n": "日本",
            "v": "日本"
          },
          {
            "n": "印度",
            "v": "印度"
          },
          {
            "n": "英国",
            "v": "英国"
          },
          {
            "n": "法国",
            "v": "法国"
          },
          {
            "n": "加拿大",
            "v": "加拿大"
          },
          {
            "n": "西班牙",
            "v": "西班牙"
          },
          {
            "n": "俄罗斯",
            "v": "俄罗斯"
          },
          {
            "n": "意大利",
            "v": "意大利"
          },
          {
            "n": "泰国",
            "v": "泰国"
          },
          {
            "n": "新加坡",
            "v": "新加坡"
          },
          {
            "n": "马来西亚",
            "v": "马来西亚"
          },
          {
            "n": "其它",
            "v": "其它"
          }
        ]
      },
      {
        "key": "year",
        "name": "年份",
        "value": [
          {
            "n": "全部",
            "v": ""
          },
          {
            "n": "2022",
            "v": "2022"
          },
          {
            "n": "2021",
            "v": "2021"
          },
          {
            "n": "2020",
            "v": "2020"
          },
          {
            "n": "2019",
            "v": "2019"
          },
          {
            "n": "2018",
            "v": "2018"
          },
          {
            "n": "2017",
            "v": "2017"
          },
          {
            "n": "2016",
            "v": "2016"
          },
          {
            "n": "2015",
            "v": "2015"
          },
          {
            "n": "2014",
            "v": "2014"
          },
          {
            "n": "2013",
            "v": "2013"
          },
          {
            "n": "2012",
            "v": "2012"
          },
          {
            "n": "2011",
            "v": "2011"
          },
          {
            "n": "2010",
            "v": "2010"
          },
          {
            "n": "2009",
            "v": "2009"
          },
          {
            "n": "2008",
            "v": "2008"
          },
          {
            "n": "2007",
            "v": "2007"
          },
          {
            "n": "2006",
            "v": "2006"
          },
          {
            "n": "2005",
            "v": "2005"
          },
          {
            "n": "2004",
            "v": "2004"
          },
          {
            "n": "2003",
            "v": "2003"
          },
          {
            "n": "2002",
            "v": "2002"
          },
          {
            "n": "2001",
            "v": "2001"
          },
          {
            "n": "2000",
            "v": "2000"
          }
        ]
      },
      {
        "key": "lang",
        "name": "语言",
        "value": [
          {
            "n": "全部",
            "v": ""
          },
          {
            "n": "国语",
            "v": "国语"
          },
          {
            "n": "英语",
            "v": "英语"
          },
          {
            "n": "粤语",
            "v": "粤语"
          },
          {
            "n": "西语",
            "v": "西语"
          },
          {
            "n": "韩语",
            "v": "韩语"
          },
          {
            "n": "日语",
            "v": "日语"
          },
          {
            "n": "法语",
            "v": "法语"
          },
          {
            "n": "俄语",
            "v": "俄语"
          },
          {
            "n": "意大利语",
            "v": "意大利语"
          },
          {
            "n": "德语",
            "v": "德语"
          },
          {
            "n": "印地语",
            "v": "印地语"
          },
          {
            "n": "其它",
            "v": "其它"
          }
        ]
      },
      {
        "key": "letter",
        "name": "字母",
        "value": [
          {
            "n": "全部",
            "v": ""
          },
          {
            "n": "A",
            "v": "A"
          },
          {
            "n": "B",
            "v": "B"
          },
          {
            "n": "C",
            "v": "C"
          },
          {
            "n": "D",
            "v": "D"
          },
          {
            "n": "E",
            "v": "E"
          },
          {
            "n": "F",
            "v": "F"
          },
          {
            "n": "G",
            "v": "G"
          },
          {
            "n": "H",
            "v": "H"
          },
          {
            "n": "I",
            "v": "I"
          },
          {
            "n": "J",
            "v": "J"
          },
          {
            "n": "K",
            "v": "K"
          },
          {
            "n": "L",
            "v": "L"
          },
          {
            "n": "M",
            "v": "M"
          },
          {
            "n": "N",
            "v": "N"
          },
          {
            "n": "O",
            "v": "O"
          },
          {
            "n": "P",
            "v": "P"
          },
          {
            "n": "Q",
            "v": "Q"
          },
          {
            "n": "R",
            "v": "R"
          },
          {
            "n": "S",
            "v": "S"
          },
          {
            "n": "T",
            "v": "T"
          },
          {
            "n": "U",
            "v": "U"
          },
          {
            "n": "V",
            "v": "V"
          },
          {
            "n": "W",
            "v": "W"
          },
          {
            "n": "X",
            "v": "X"
          },
          {
            "n": "Y",
            "v": "Y"
          },
          {
            "n": "Z",
            "v": "Z"
          }
        ]
      },
      {
        "key": "ifvip",
        "name": "权限",
        "value": [
          {
            "n": "全部",
            "v": ""
          },
          {
            "n": "免费",
            "v": "2"
          },
          {
            "n": "会员",
            "v": "3"
          }
        ]
      }
    ],
    "3": [
      {
        "key": "tid",
        "name": "分类",
        "value": [
          {
            "n": "全部",
            "v": ""
          },
          {
            "n": "真人秀",
            "v": "305"
          },
          {
            "n": "音乐",
            "v": "302"
          },
          {
            "n": "搞笑",
            "v": "304"
          },
          {
            "n": "家庭",
            "v": "301"
          },
          {
            "n": "曲艺",
            "v": "303"
          }
        ]
      },
      {
        "key": "area",
        "name": "地区",
        "value": [
          {
            "n": "全部",
            "v": ""
          },
          {
            "n": "大陆",
            "v": "大陆"
          },
          {
            "n": "香港",
            "v": "香港"
          },
          {
            "n": "台湾",
            "v": "台湾"
          },
          {
            "n": "美国",
            "v": "美国"
          },
          {
            "n": "韩国",
            "v": "韩国"
          },
          {
            "n": "日本",
            "v": "日本"
          },
          {
            "n": "印度",
            "v": "印度"
          },
          {
            "n": "英国",
            "v": "英国"
          },
          {
            "n": "法国",
            "v": "法国"
          },
          {
            "n": "加拿大",
            "v": "加拿大"
          },
          {
            "n": "西班牙",
            "v": "西班牙"
          },
          {
            "n": "德国",
            "v": "德国"
          },
          {
            "n": "俄罗斯",
            "v": "俄罗斯"
          },
          {
            "n": "意大利",
            "v": "意大利"
          },
          {
            "n": "泰国",
            "v": "泰国"
          },
          {
            "n": "新加坡",
            "v": "新加坡"
          },
          {
            "n": "马来西亚",
            "v": "马来西亚"
          },
          {
            "n": "其它",
            "v": "其它"
          }
        ]
      },
      {
        "key": "year",
        "name": "年份",
        "value": [
          {
            "n": "全部",
            "v": ""
          },
          {
            "n": "2022",
            "v": "2022"
          },
          {
            "n": "2021",
            "v": "2021"
          },
          {
            "n": "2020",
            "v": "2020"
          },
          {
            "n": "2019",
            "v": "2019"
          },
          {
            "n": "2018",
            "v": "2018"
          },
          {
            "n": "2017",
            "v": "2017"
          },
          {
            "n": "2016",
            "v": "2016"
          },
          {
            "n": "2015",
            "v": "2015"
          },
          {
            "n": "2014",
            "v": "2014"
          },
          {
            "n": "2013",
            "v": "2013"
          },
          {
            "n": "2012",
            "v": "2012"
          },
          {
            "n": "2011",
            "v": "2011"
          },
          {
            "n": "2010",
            "v": "2010"
          },
          {
            "n": "2009",
            "v": "2009"
          },
          {
            "n": "2008",
            "v": "2008"
          },
          {
            "n": "2007",
            "v": "2007"
          },
          {
            "n": "2006",
            "v": "2006"
          },
          {
            "n": "2005",
            "v": "2005"
          },
          {
            "n": "2004",
            "v": "2004"
          },
          {
            "n": "2003",
            "v": "2003"
          },
          {
            "n": "2002",
            "v": "2002"
          },
          {
            "n": "2001",
            "v": "2001"
          },
          {
            "n": "2000",
            "v": "2000"
          }
        ]
      },
      {
        "key": "lang",
        "name": "语言",
        "value": [
          {
            "n": "全部",
            "v": ""
          },
          {
            "n": "国语",
            "v": "国语"
          },
          {
            "n": "英语",
            "v": "英语"
          },
          {
            "n": "粤语",
            "v": "粤语"
          },
          {
            "n": "西语",
            "v": "西语"
          },
          {
            "n": "韩语",
            "v": "韩语"
          },
          {
            "n": "日语",
            "v": "日语"
          },
          {
            "n": "法语",
            "v": "法语"
          },
          {
            "n": "俄语",
            "v": "俄语"
          },
          {
            "n": "意大利语",
            "v": "意大利语"
          },
          {
            "n": "德语",
            "v": "德语"
          },
          {
            "n": "印地语",
            "v": "印地语"
          },
          {
            "n": "其它",
            "v": "其它"
          }
        ]
      },
      {
        "key": "letter",
        "name": "字母",
        "value": [
          {
            "n": "全部",
            "v": ""
          },
          {
            "n": "A",
            "v": "A"
          },
          {
            "n": "B",
            "v": "B"
          },
          {
            "n": "C",
            "v": "C"
          },
          {
            "n": "D",
            "v": "D"
          },
          {
            "n": "E",
            "v": "E"
          },
          {
            "n": "F",
            "v": "F"
          },
          {
            "n": "G",
            "v": "G"
          },
          {
            "n": "H",
            "v": "H"
          },
          {
            "n": "I",
            "v": "I"
          },
          {
            "n": "J",
            "v": "J"
          },
          {
            "n": "K",
            "v": "K"
          },
          {
            "n": "L",
            "v": "L"
          },
          {
            "n": "M",
            "v": "M"
          },
          {
            "n": "N",
            "v": "N"
          },
          {
            "n": "O",
            "v": "O"
          },
          {
            "n": "P",
            "v": "P"
          },
          {
            "n": "Q",
            "v": "Q"
          },
          {
            "n": "R",
            "v": "R"
          },
          {
            "n": "S",
            "v": "S"
          },
          {
            "n": "T",
            "v": "T"
          },
          {
            "n": "U",
            "v": "U"
          },
          {
            "n": "V",
            "v": "V"
          },
          {
            "n": "W",
            "v": "W"
          },
          {
            "n": "X",
            "v": "X"
          },
          {
            "n": "Y",
            "v": "Y"
          },
          {
            "n": "Z",
            "v": "Z"
          }
        ]
      },
      {
        "key": "ifvip",
        "name": "权限",
        "value": [
          {
            "n": "全部",
            "v": ""
          },
          {
            "n": "免费",
            "v": "2"
          },
          {
            "n": "会员",
            "v": "3"
          }
        ]
      }
    ],
    "4": [
      {
        "key": "tid",
        "name": "分类",
        "value": [
          {
            "n": "全部",
            "v": ""
          },
          {
            "n": "日本",
            "v": "401"
          },
          {
            "n": "国产",
            "v": "402"
          },
          {
            "n": "欧美",
            "v": "403"
          }
        ]
      },
      {
        "key": "area",
        "name": "地区",
        "value": [
          {
            "n": "全部",
            "v": ""
          },
          {
            "n": "大陆",
            "v": "大陆"
          },
          {
            "n": "香港",
            "v": "香港"
          },
          {
            "n": "台湾",
            "v": "台湾"
          },
          {
            "n": "美国",
            "v": "美国"
          },
          {
            "n": "韩国",
            "v": "韩国"
          },
          {
            "n": "日本",
            "v": "日本"
          },
          {
            "n": "印度",
            "v": "印度"
          },
          {
            "n": "英国",
            "v": "英国"
          },
          {
            "n": "法国",
            "v": "法国"
          },
          {
            "n": "加拿大",
            "v": "加拿大"
          },
          {
            "n": "西班牙",
            "v": "西班牙"
          },
          {
            "n": "德国",
            "v": "德国"
          },
          {
            "n": "俄罗斯",
            "v": "俄罗斯"
          },
          {
            "n": "意大利",
            "v": "意大利"
          },
          {
            "n": "泰国",
            "v": "泰国"
          },
          {
            "n": "新加坡",
            "v": "新加坡"
          },
          {
            "n": "马来西亚",
            "v": "马来西亚"
          },
          {
            "n": "其它",
            "v": "其它"
          }
        ]
      },
      {
        "key": "year",
        "name": "年份",
        "value": [
          {
            "n": "全部",
            "v": ""
          },
          {
            "n": "2022",
            "v": "2022"
          },
          {
            "n": "2021",
            "v": "2021"
          },
          {
            "n": "2020",
            "v": "2020"
          },
          {
            "n": "2019",
            "v": "2019"
          },
          {
            "n": "2018",
            "v": "2018"
          },
          {
            "n": "2017",
            "v": "2017"
          },
          {
            "n": "2016",
            "v": "2016"
          },
          {
            "n": "2015",
            "v": "2015"
          },
          {
            "n": "2014",
            "v": "2014"
          },
          {
            "n": "2013",
            "v": "2013"
          },
          {
            "n": "2012",
            "v": "2012"
          },
          {
            "n": "2011",
            "v": "2011"
          },
          {
            "n": "2010",
            "v": "2010"
          },
          {
            "n": "2009",
            "v": "2009"
          },
          {
            "n": "2008",
            "v": "2008"
          },
          {
            "n": "2007",
            "v": "2007"
          },
          {
            "n": "2006",
            "v": "2006"
          },
          {
            "n": "2005",
            "v": "2005"
          },
          {
            "n": "2004",
            "v": "2004"
          },
          {
            "n": "2003",
            "v": "2003"
          },
          {
            "n": "2002",
            "v": "2002"
          },
          {
            "n": "2001",
            "v": "2001"
          },
          {
            "n": "2000",
            "v": "2000"
          }
        ]
      },
      {
        "key": "lang",
        "name": "语言",
        "value": [
          {
            "n": "全部",
            "v": ""
          },
          {
            "n": "国语",
            "v": "国语"
          },
          {
            "n": "英语",
            "v": "英语"
          },
          {
            "n": "粤语",
            "v": "粤语"
          },
          {
            "n": "西语",
            "v": "西语"
          },
          {
            "n": "韩语",
            "v": "韩语"
          },
          {
            "n": "日语",
            "v": "日语"
          },
          {
            "n": "法语",
            "v": "法语"
          },
          {
            "n": "俄语",
            "v": "俄语"
          },
          {
            "n": "意大利语",
            "v": "意大利语"
          },
          {
            "n": "德语",
            "v": "德语"
          },
          {
            "n": "印地语",
            "v": "印地语"
          },
          {
            "n": "其它",
            "v": "其它"
          }
        ]
      },
      {
        "key": "letter",
        "name": "字母",
        "value": [
          {
            "n": "全部",
            "v": ""
          },
          {
            "n": "A",
            "v": "A"
          },
          {
            "n": "B",
            "v": "B"
          },
          {
            "n": "C",
            "v": "C"
          },
          {
            "n": "D",
            "v": "D"
          },
          {
            "n": "E",
            "v": "E"
          },
          {
            "n": "F",
            "v": "F"
          },
          {
            "n": "G",
            "v": "G"
          },
          {
            "n": "H",
            "v": "H"
          },
          {
            "n": "I",
            "v": "I"
          },
          {
            "n": "J",
            "v": "J"
          },
          {
            "n": "K",
            "v": "K"
          },
          {
            "n": "L",
            "v": "L"
          },
          {
            "n": "M",
            "v": "M"
          },
          {
            "n": "N",
            "v": "N"
          },
          {
            "n": "O",
            "v": "O"
          },
          {
            "n": "P",
            "v": "P"
          },
          {
            "n": "Q",
            "v": "Q"
          },
          {
            "n": "R",
            "v": "R"
          },
          {
            "n": "S",
            "v": "S"
          },
          {
            "n": "T",
            "v": "T"
          },
          {
            "n": "U",
            "v": "U"
          },
          {
            "n": "V",
            "v": "V"
          },
          {
            "n": "W",
            "v": "W"
          },
          {
            "n": "X",
            "v": "X"
          },
          {
            "n": "Y",
            "v": "Y"
          },
          {
            "n": "Z",
            "v": "Z"
          }
        ]
      },
      {
        "key": "ifvip",
        "name": "权限",
        "value": [
          {
            "n": "全部",
            "v": ""
          },
          {
            "n": "免费",
            "v": "2"
          },
          {
            "n": "会员",
            "v": "3"
          }
        ]
      }
    ],
    "5": [
      {
        "key": "tid",
        "name": "分类",
        "value": [
          {
            "n": "全部",
            "v": ""
          },
          {
            "n": "AV女优",
            "v": "505"
          },
          {
            "n": "日韩",
            "v": "502"
          },
          {
            "n": "欧美",
            "v": "501"
          },
          {
            "n": "动漫",
            "v": "503"
          },
          {
            "n": "国产",
            "v": "504"
          }
        ]
      },
      {
        "key": "year",
        "name": "年份",
        "value": [
          {
            "n": "全部",
            "v": ""
          },
          {
            "n": "2022",
            "v": "2022"
          },
          {
            "n": "2021",
            "v": "2021"
          },
          {
            "n": "2020",
            "v": "2020"
          },
          {
            "n": "2019",
            "v": "2019"
          },
          {
            "n": "2018",
            "v": "2018"
          },
          {
            "n": "2017",
            "v": "2017"
          },
          {
            "n": "2016",
            "v": "2016"
          },
          {
            "n": "2015",
            "v": "2015"
          },
          {
            "n": "2014",
            "v": "2014"
          },
          {
            "n": "2013",
            "v": "2013"
          },
          {
            "n": "2012",
            "v": "2012"
          },
          {
            "n": "2011",
            "v": "2011"
          },
          {
            "n": "2010",
            "v": "2010"
          },
          {
            "n": "2009",
            "v": "2009"
          },
          {
            "n": "2008",
            "v": "2008"
          },
          {
            "n": "2007",
            "v": "2007"
          },
          {
            "n": "2006",
            "v": "2006"
          },
          {
            "n": "2005",
            "v": "2005"
          },
          {
            "n": "2004",
            "v": "2004"
          },
          {
            "n": "2003",
            "v": "2003"
          },
          {
            "n": "2002",
            "v": "2002"
          },
          {
            "n": "2001",
            "v": "2001"
          },
          {
            "n": "2000",
            "v": "2000"
          }
        ]
      },
      {
        "key": "letter",
        "name": "字母",
        "value": [
          {
            "n": "全部",
            "v": ""
          },
          {
            "n": "A",
            "v": "A"
          },
          {
            "n": "B",
            "v": "B"
          },
          {
            "n": "C",
            "v": "C"
          },
          {
            "n": "D",
            "v": "D"
          },
          {
            "n": "E",
            "v": "E"
          },
          {
            "n": "F",
            "v": "F"
          },
          {
            "n": "G",
            "v": "G"
          },
          {
            "n": "H",
            "v": "H"
          },
          {
            "n": "I",
            "v": "I"
          },
          {
            "n": "J",
            "v": "J"
          },
          {
            "n": "K",
            "v": "K"
          },
          {
            "n": "L",
            "v": "L"
          },
          {
            "n": "M",
            "v": "M"
          },
          {
            "n": "N",
            "v": "N"
          },
          {
            "n": "O",
            "v": "O"
          },
          {
            "n": "P",
            "v": "P"
          },
          {
            "n": "Q",
            "v": "Q"
          },
          {
            "n": "R",
            "v": "R"
          },
          {
            "n": "S",
            "v": "S"
          },
          {
            "n": "T",
            "v": "T"
          },
          {
            "n": "U",
            "v": "U"
          },
          {
            "n": "V",
            "v": "V"
          },
          {
            "n": "W",
            "v": "W"
          },
          {
            "n": "X",
            "v": "X"
          },
          {
            "n": "Y",
            "v": "Y"
          },
          {
            "n": "Z",
            "v": "Z"
          }
        ]
      },
      {
        "key": "ifvip",
        "name": "权限",
        "value": [
          {
            "n": "全部",
            "v": ""
          },
          {
            "n": "免费",
            "v": "2"
          },
          {
            "n": "会员",
            "v": "3"
          }
        ]
      }
    ]
  }
}