{
  "name": "555dy",
  "url": "https://555dy1.com",
  "User": "空",
  "shouye": "1",
  //"fenlei": "动作片$/index.php/vod/show/id/6/page/#喜剧片$/index.php/vod/show/id/7/page/#爱情片$/index.php/vod/show/id/8/page/#科幻片$/index.php/vod/show/id/9/page/#恐怖片$/index.php/vod/show/id/10/page/#剧情片$/index.php/vod/show/id/11/page/#战争片$/index.php/vod/show/id/12/page/#国产剧$/index.php/vod/show/id/13/page/#港台剧$/index.php/vod/show/id/14/page/#日韩剧$/index.php/vod/show/id/15/page/#欧美剧$/index.php/vod/show/id/16/page/#综艺$/index.php/vod/type/id/3/page/#动漫$/index.php/vod/show/id/4/page/",
  "fenlei": "netflix$/vodshow/1---Netflix-----#电影$/vodshow/1--------#连续剧$/vodshow/2--------#动漫$/vodshow/4--------#综艺纪录$/vodshow/3--------",
    "houzhui": "---.html",
  "shifouercijiequ": "1",
  "jiequqian": "class=\"module-items",
  "jiequhou": "id=\"page",
  "jiequshuzuqian": "<a",
  "jiequshuzuhou": "/a>",
  "tupianqian": "data-original=\"",
  "tupianhou": "\"",
  "biaotiqian": "title=\"",
  "biaotihou": "\"",
  "lianjieqian": "href=\"",
  "lianjiehou": "\"",

  //新版Biubiu参数：副标题 (不需要的话，就不填写或者删除副标题2个字段也可以。)
  "fubiaotiqian": "class=\"module-item-note\">",
  "fubiaotihou": "</div>",

  "sousuoqian": "/index.php/ajax/suggest?mid=1&wd=",
  "sousuohou": "&limit=500",
  "sousuohouzhui": "/voddetail/",
  "ssmoshi": "0",
  "sousuoshifouercijiequ": "0",
  "jspic": "pic",
  "jsname": "name",
  "jsid": "id",
  "ssjiequqian": "空",
  "ssjiequhou": "空",
  "ssjiequshuzuqian": "空",
  "ssjiequshuzuhou": "空",
  "sstupianqian": "空",
  "sstupianhou": "空",
  "ssbiaotiqian": "空",
  "ssbiaotihou": "空",
  "sslianjieqian": "空",
  "sslianjiehou": "空",
  "bfshifouercijiequ": "0",
  "bfjiequqian": "空",
  "bfjiequhou": "空",
  "bfjiequshuzuqian": "class=\"module-play-list",
  "bfjiequshuzuhou": "</div>",

  "zhuangtaiqian": "更新：</span>",
  "zhuangtaihou": "</div>",
  "daoyanqian": "导演：</span>",
  "daoyanhou": "</div>",
  "zhuyanqian": "主演：</span>",
  "zhuyanhou": "</div>",
  "juqingqian": "<p>",
  "juqinghou": "</p>",
"xlshifouercijiequ": "1",
"xljiequqian": "选择播放源",
 "xljiequhou": "class=\"shortcuts-mobile-overlay",
"xljiequshuzuqian": "class=\"module-tab-item",
"xljiequshuzuhou": "<small>",
 "xlbiaotiqian": "<span>",
 "xlbiaotihou": "</span>",
  "bfyshifouercijiequ": "0",
  "bfyjiequqian": "空",
  "bfyjiequhou": "空",
  "bfyjiequshuzuqian": "<a",
  "bfyjiequshuzuhou": "/a>",
  "bfbiaotiqian": "<span>",
  "bfbiaotihou": "</span>",

  "bflianjieqian": "href=\"",
  "bflianjiehou": "\""

}