{
"author":"20220728",
"name": "打驴动漫",
"url": "http://www.dqsj.cc",
"tihuan": "cnzz.com",
"User": "空",
"shouye": "1",
"fenlei": "热门新番$/index.php/vod/type/id/23/page/#动漫大全$/index.php/vod/type/id/page/20/#日本动漫$/index.php/vod/type/id/21/#国产动漫$/index.php/vod/type/id/22/#欧美动漫$/index.php/vod/type/id/25/#动漫电影$/index.php/vod/type/id/24/#剧集$/index.php/vod/type/id/27/#电影$/index.php/vod/type/id/28/#综艺$/index.php/vod/type/id/31/",
"houzhui": ".html",
"shifouercijiequ": "0",
"jiequqian": "空",
"jiequhou": "空",
"jiequshuzuqian": "class=\"hl-item-thumb",
"jiequshuzuhou": "</li>",
"tupianqian": "data-original=\"",
"tupianhou": "\"",
"biaotiqian": "title=\"",
"biaotihou": "\"", 
"lianjieqian": "href=\"",
"lianjiehou": "\"",
"sousuoqian": "/index.php/ajax/suggest?mid=1&wd=",
"sousuohou": "&limit=500",
"sousuohouzhui": "/index.php/vod/detail/id/",
"ssmoshi": "0",
"sousuoshifouercijiequ": "0",
"jspic": "pic",
"jsname": "name",
"jsid": "id",
"ssjiequqian": "空",
"ssjiequhou": "空",
"ssjiequshuzuqian": "空",
"ssjiequshuzuhou": "空",
"sstupianqian": "空",
"sstupianhou": "空",
"ssbiaotiqian": "空",
"ssbiaotihou": "空",
"sslianjieqian": "空",
"sslianjiehou": "空",
"bfshifouercijiequ": "0",
"bfjiequqian": "空",
"bfjiequhou": "空",
"bfjiequshuzuqian": "class=\"hl-col-xs-4 hl-col-sm-2",
"bfjiequshuzuhou": "</ul>",
"zhuangtaiqian": "状态：</em>",
"zhuangtaihou": "</div>",
"daoyanqian": "导演：</em>",
"daoyanhou": "</div>",
"zhuyanqian": "主演：</em>",
"zhuyanhou": "</div>",
"juqingqian": "简介：</em>",
"juqinghou": "</li>",
"bfyshifouercijiequ": "0",
"bfyjiequqian": "空",
"bfyjiequhou": "空",
"bfyjiequshuzuqian": "<a",
"bfyjiequshuzuhou": "/a>",
"bfbiaotiqian": ">",
"bfbiaotihou": "<",
"bflianjieqian": "href=\"",
"bflianjiehou": "\""}