{"name": "夜空蓝光",
"url": "https://www.yekong.cc",
"tihuan": "cnzz.com",
"shouye": "1",
//"User": "User-Agent:Dart/2.14 (dart:io)",
"fenlei": "国产剧$/pianku-lianxuju---%E5%9B%BD%E4%BA%A7%E5%89%A7--------/page/#欧美剧$/pianku-lianxuju---%E6%AC%A7%E7%BE%8E%E5%89%A7--------/page/#韩国剧$/pianku-lianxuju---%E9%9F%A9%E5%89%A7--------/page/#香港剧$/pianku-lianxuju---%E6%B8%AF%E5%89%A7--------/page/#台湾剧$/pianku-lianxuju---%E5%8F%B0%E5%89%A7--------/page/#日本剧$/pianku-lianxuju---%E6%97%A5%E5%89%A7--------/page/#综 艺$/pianku-zongyi-----------/page/#动 漫$/pianku-dongman-----------/page/#科幻片$/pianku-dianying---%E7%A7%91%E5%B9%BB%E7%89%87--------/page/#动作片$/pianku-dianying---%E5%8A%A8%E4%BD%9C%E7%89%87--------/page/#奇幻片$/pianku-dianying---%E5%A5%87%E5%B9%BB%E7%89%87--------/page/#剧情片$/pianku-dianying---%E5%89%A7%E6%83%85%E7%89%87--------/page/#悬疑片$/pianku-dianying---%E6%82%AC%E7%96%91%E7%89%87--------/page/#喜剧片$/pianku-dianying---%E5%96%9C%E5%89%A7%E7%89%87--------/page/#恐怖片$/pianku-dianying---%E6%81%90%E6%80%96%E7%89%87--------/page/#战争片$/pianku-dianying---%E6%88%98%E4%BA%89%E7%89%87--------/page/",
"houzhui": "",
"shifouercijiequ": "1",
"jiequqian": "class=\"module-item-pic",
"jiequhou": "class=\"fixedGroup",
"jiequshuzuqian": "<a",
"jiequshuzuhou": "alt=",
"tupianqian": "data-original=\"",
"tupianhou": "\"",
"biaotiqian": "title=\"",
"biaotihou": "\"",
"lianjieqian": "href=\"",
"lianjiehou": "\"",
"sousuoqian": "/search-",
"sousuohou": "-------------/",
"sousuohouzhui": "/paly-",
"ssmoshi": "1",
"sousuoshifouercijiequ": "0",
"jspic": "pic",
"jsname": "name",
"jsid": "id",
"ssjiequqian": "",
"ssjiequhou": "",
"ssjiequshuzuqian": "class=\"module-card-item-class",
"ssjiequshuzuhou": "</a>",
"sstupianqian": "data-original=\"",
"sstupianhou": "\"",
"ssbiaotiqian": "alt=\"",
"ssbiaotihou": "\"",
"sslianjieqian": "href=\"",
"sslianjiehou": "\"",
"bfshifouercijiequ": "0",
"bfjiequqian": "空",
"bfjiequhou": "空",
"bfjiequshuzuqian": "class=\"module-play-list",
"bfjiequshuzuhou": "class=\"module\"",
"zhuangtaiqian": "class=\"module-item-note\">",
"zhuangtaihou": "</div>",
"daoyanqian": "导演：</span>",
"daoyanhou": "</div>",
"zhuyanqian": "主演：</span>",
"zhuyanhou": "</div>",
"juqingqian": "<p>",
"juqinghou": "</p>",
"bfyshifouercijiequ": "0",
"bfyjiequqian": "空",
"bfyjiequhou": "空",
"bfyjiequshuzuqian": "<a",
"bfyjiequshuzuhou": "/a>",
"bfbiaotiqian": "<span>",
"bfbiaotihou": "</span>",
"bflianjieqian": "href=\"",
"bflianjiehou": "\""}