{
  "ua": "",
  "dcVipFlag": "true",
  "pCfgJs": "http://www.2gangju.cc/static/js/playerconfig.js",
  "pCfgJsR": "[\\W|\\S|.]*?MacPlayerConfig.player_list[\\W|\\S|.]*?=([\\W|\\S|.]*?),MacPlayerConfig.downer_list",
  "dcShow2Vip": {},
  "dcPlayUrl": "true",
  "homeUrl": "http://www.2gangju.cc",
  "cateNode": "",
  "cateName": "",
  "cateId": "",
  "cateIdR": "",
  "cateManual": {"电视剧":"dianshiju","电影":"dianying","综艺":"zongyi"},
  "homeVodNode": "//div[@class='stui-vodlist__box']/a[contains(@class,'stui-vodlist__thumb')]",
  "homeVodName": "/@title",
  "homeVodId": "/@href",
  "homeVodIdR": "(\\S+)",
  "homeVodImg": "/@data-original",
  "homeVodImgR": "",
  "homeVodMark": "/span[contains(@class,'pic-text')]/text()",
  "cateUrl": "http://www.2gangju.cc/vodshow/{cateId}--------{catePg}---{year}.html",
  "cateVodNode": "//div[@class='stui-vodlist__box']/a[contains(@class,'stui-vodlist__thumb')]",
  "cateVodName": "/@title",
  "cateVodId": "/@href",
  "cateVodIdR": "(\\S+)",
  "cateVodImg": "/@data-original",
  "cateVodImgR": "",
  "cateVodMark": "/span[contains(@class,'pic-text')]/text()",
  "dtUrl": "http://www.2gangju.cc{vid}",
  "dtNode": "//body",
  "dtName": "//div[@class='stui-content__detail']/h1/text()",
  "dtNameR": "",
  "dtImg": "//div[@class='stui-content__thumb']/a[contains(@class,'stui-vodlist__thumb')]/img/@data-original",
  "dtImgR": "\\S+(http\\S+)",
  "dtCate": "//div[@class='stui-content__detail']/p[3]/a/text()",
  "dtCateR": "",
  "dtYear": "//div[@class='stui-content__detail']/p[3]/text()[6]",
  "dtYearR": "",
  "dtArea": "//div[@class='stui-content__detail']/p[3]/text()[4]",
  "dtAreaR": "",
  "dtMark": "//span[contains(@class,'pic-text')]/text()",
  "dtMarkR": "",
  "dtActor": "//div[@class='stui-content__detail']//span[contains(@class,'text-muted') and contains(text(), '主演')]/following-sibling::*/text()",
  "dtActorR": "",
  "dtDirector": "//div[@class='stui-content__detail']//span[contains(@class,'text-muted') and contains(text(), '导演')]/following-sibling::*/text()",
  "dtDirectorR": "",
  "dtDesc": "//span[contains(@class,'detail-sketch')]/text()",
  "dtDescR": "",
  "dtFromNode": "//div[contains(@class,'stui-pannel-box b playlist')]/div/div/h3[contains(text(),'线路')]",
  "dtFromName": "/text()",
  "dtFromNameR": "",
  "dtUrlNode": "//ul[contains(@class,'stui-content__playlist')]",
  "dtUrlSubNode": "/li/a",
  "dtUrlId": "/@href",
  "dtUrlIdR": "(\\S+)",
  "dtUrlName": "/text()",
  "dtUrlNameR": "",
  "playUrl": "http://www.2gangju.cc{playUrl}",
  "playUa": "",
  "searchUrl": "http://www.2gangju.cc/vodsearch/-------------.html?wd={wd}",
  "scVodNode": "//ul[contains(@class,'stui-vodlist__media')]/li/div/a[contains(@class,'stui-vodlist__thumb')]",
  "scVodName": "/@title",
  "scVodId": "/@href",
  "scVodIdR": "(\\S+)",
  "scVodImg": "/@data-original",
  "scVodMark": "//span[contains(@class,'pic-text')]/text()",
  "filter":{
    "dianshiju": [
    {"name":"年份","key":"year","value":[{"n":"全部","v":""},{"n":"2022","v":"2022"},{"n":"2021","v":"2021"},{"n":"2020","v":"2020"},{"n":"2019","v":"2019"},{"n":"2018","v":"2018"},{"n":"2017","v":"2017"},{"n":"2016","v":"2016"},{"n":"2015","v":"2015"},{"n":"2014","v":"2014"},{"n":"2013","v":"2013"},{"n":"2012","v":"2012"},{"n":"2011","v":"2011"},{"n":"2010","v":"2010"},{"n":"2009","v":"2009"},{"n":"2008","v":"2008"}]}
    ],
    "dianying": [
    {"name":"年份","key":"year","value":[{"n":"全部","v":""},{"n":"2022","v":"2022"},{"n":"2021","v":"2021"},{"n":"2020","v":"2020"},{"n":"2019","v":"2019"},{"n":"2018","v":"2018"},{"n":"2017","v":"2017"},{"n":"2016","v":"2016"},{"n":"2015","v":"2015"},{"n":"2014","v":"2014"},{"n":"2013","v":"2013"},{"n":"2012","v":"2012"},{"n":"2011","v":"2011"},{"n":"2010","v":"2010"},{"n":"2009","v":"2009"},{"n":"2008","v":"2008"}]}
    ],
    "zongyi": [
    {"name":"年份","key":"year","value":[{"n":"全部","v":""},{"n":"2022","v":"2022"},{"n":"2021","v":"2021"},{"n":"2020","v":"2020"},{"n":"2019","v":"2019"},{"n":"2018","v":"2018"},{"n":"2017","v":"2017"},{"n":"2016","v":"2016"},{"n":"2015","v":"2015"},{"n":"2014","v":"2014"},{"n":"2013","v":"2013"},{"n":"2012","v":"2012"},{"n":"2011","v":"2011"},{"n":"2010","v":"2010"},{"n":"2009","v":"2009"},{"n":"2008","v":"2008"}]}
    ]
    }

}