{
    "title": "剧荒电影",
    "author": "香雅情",
    "UserAgent":"",
    "firstpage": "1",
    "class_url": "https://juhuang.tv/type/{cateId}_type_fypage.html[firstPage=https://juhuang.tv/type/{cateId}_type.html]",
    "class_name": "剧集&电影&综艺&动漫&纪录片&Youtube精选",
    "class_value": "2&1&3&4&21&28",
    "filterdata":"",
    "cat_YN_twice": "0",
    "cat_twice_pre": "",
    "cat_twice_suf": "",
    "cat_arr_pre": "class=\"module-item-pic",
    "cat_arr_suf": "class=\"loading",
    "cat_pic": "data-src=\"&&\"",
    "cat_title": "title=\"&&\"",
    "cat_subtitle": "",
    "cat_url": "href=\"&&\"",
    "cat_prefix": "https://www.juhuang.tv",
    "cat_suffix": "",
    "search_url": "https://so.juhuang.tv/soapi.php?wd={wd}",
    "search_mode": "0",
    "jsonpic": "vod_pic",
    "jsonname": "vod_name",
    "jsonid": "vod_id",
    "jsonstitle":"",
    "sea_YN_twice": "1",
    "sea_twice_pre": "",
    "sea_twice_suf": "",
    "sea_arr_pre": "",
    "sea_arr_suf": "",
    "sea_pic": "",
    "sea_title": "",
    "sea_url": "",
    "search_prefix": "https://juhuang.tv/play/",
    "search_suffix": "_play_1_1.html",
    "sea_subtitle": "空",
    "force_play": "0",
    "play_prefix": "空",
    "play_suffix": "空",
    "play_header": "空",
    "proj_actor": "空",
    "proj_plot": "style=\"display: none;&&</span>",
    "tab_YN_twice": "0",
    "tab_twice_pre": "",
    "tab_twice_suf": "",
    "tab_arr_pre": "",
    "tab_arr_suf": "",
    "tab_title": "",
    "list_YN_twice": "0",
    "list_twice_pre": "空",
    "list_twice_suf": "空",
    "list_arr_pre": "class=\"module-blocklist scroll-box scroll-box-y",
    "list_arr_suf": "class=\"rightGG_2",
    "epi_YN_twice": "0",
    "epi_twice_pre": "空",
    "epi_twice_suf": "空",
    "epi_arr_pre": "<a",
    "epi_arr_suf": "/a>",
    "epi_title": "<span>&&</span>",
    "epi_url": "href=\"&&\"",
    "epiurl_prefix": "https://www.juhuang.tv",
    "epiurl_suffix": ""
    
}