{
  "name": "4kan电影网",
  "url": "https://www.4kan.cc/",
  //"User": "User-Agent:Dart/2.14 (dart:io)",
  "shouye": "1",
  "fenlei": "电影$/vodshow/1--------#国产剧$/vodshow/13-内地-------#日韩剧$/vodshow/15--------#欧美剧$/vodshow/16--------#港台剧$/vodshow/13-香港-------#台剧$/vodshow/13-台湾-------#综艺$/vodshow/3--------#动漫$/vodshow/4--------",
  "houzhui": "---/",
  "shifouercijiequ": "0",
  "jiequqian": "空",
  "jiequhou": "空",
  "jiequshuzuqian": "lazyload",
  "jiequshuzuhou": "</div>",
  "tupianqian": "data-original=\"",
  "tupianhou": "\"",
  "biaotiqian": "title=\"",
  "biaotihou": "\"",
  "lianjieqian": "href=\"",
  "lianjiehou": "\"",
  "sousuoqian": "/index.php/ajax/suggest?mid=1&wd=",
  "sousuohou": "&limit=50",
  "sousuohouzhui": "/voddetail/",
  "ssmoshi": "0",
  "sousuoshifouercijiequ": "0",
  "jspic": "pic",
  "jsname": "name",
  "jsid": "id",
  "ssjiequqian": "空",
  "ssjiequhou": "空",
  "ssjiequshuzuqian": "空",
  "ssjiequshuzuhou": "空",
  "sstupianqian": "空",
  "sstupianhou": "空",
  "ssbiaotiqian": "空",
  "ssbiaotihou": "空",
  "sslianjieqian": "空",
  "sslianjiehou": "空",
  "bfshifouercijiequ": "0",
  "bfjiequqian": "空",
  "bfjiequhou": "空",
  "bfjiequshuzuqian": "id=\"playlist",
  "bfjiequshuzuhou": "</div>",
  "zhuangtaiqian": "style=\"bottom:0;backgroud-color:white;border-radius:0 10px 0 10px;\">",
  "zhuangtaihou": "</span>",
  "daoyanqian": "导演：</span>",
  "daoyanhou": "</p>",
  "zhuyanqian": "主演：</span>",
  "zhuyanhou": "</p>",
  "juqingqian": "<p class=\"col-pd\">",
  "juqinghou": "</p>",
  "bfyshifouercijiequ": "0",
  "bfyjiequqian": "空",
  "bfyjiequhou": "空",
  "bfyjiequshuzuqian": "<a",
  "bfyjiequshuzuhou": "/a>",
  "bfbiaotiqian": ">",
  "bfbiaotihou": "<",
  "bflianjieqian": "href=\"",
  "bflianjiehou": "\""
}