{
  "author": "20220719",
  "name": "555dy(xb)",
  "url": "https://www.555dy.fun/", //填网站链接
  "tihuan": "cnzz.com", //这个不用动，是个别网站嗅探时过滤地址用的
  "User": "空", //这个不用动，是个别网站播放需要请求头时才用到
  "shouye": "1",

  "fenlei": "Netflix(片)$/vodshow/1---Netflix-----#Netflix(剧)$/vodshow/2---Netflix-----#Netflix(漫)$/vodshow/4---Netflix-----#热播电影$/vodshow/1--hits------#热播连续剧$/vodshow/13--------#日韩剧$/vodshow/44--------#欧美剧$/vodshow/45--------#港台剧$/vodshow/15--------#纪录片$/vodshow/1---纪录-----#儿童片$/vodshow/1---儿童-----#动画片$/vodshow/1---动画-----#亲子动漫$/vodshow/4---亲子-----#儿歌动漫$/vodshow/4---儿歌-----#国产动漫$/vodshow/4-大陆-------#日本动漫$/vodshow/4-日本-------#欧美动漫$/vodshow/4-欧美-------#其他动漫$/vodshow/4-其他-------#综艺记录$/vodshow/3--------#仙侠片$/vodshow/1---仙侠-----#剧情片$/vodshow/1---剧情-----#科幻片$/vodshow/1---科幻-----#动作片$/vodshow/1---动作-----#喜剧片$/vodshow/1---喜剧-----#爱情片$/vodshow/1---爱情-----#冒险片$/vodshow/1---冒险-----#歌舞片$/vodshow/1---歌舞-----#音乐片$/vodshow/1---音乐-----#奇幻片$/vodshow/1---奇幻-----#恐怖片$/vodshow/1---恐怖-----#惊悚片$/vodshow/1---惊悚-----#丧尸片$/vodshow/1---丧尸-----#战争片$/vodshow/1---战争-----#传记片$/vodshow/1---传记-----#犯罪片$/vodshow/1---犯罪-----#悬疑片$/vodshow/1---悬疑-----#西部片$/vodshow/1---西部-----#灾难片$/vodshow/1---灾难-----#古装片$/vodshow/1---古装-----#武侠片$/vodshow/1---武侠-----#家庭片$/vodshow/1---家庭-----#短片$/vodshow/1---短片-----#校园片$/vodshow/1---校园-----#文艺片$/vodshow/1---文艺-----#运动片$/vodshow/1---运动-----#青春片$/vodshow/1---青春-----#同性片$/vodshow/1---同性-----#励志片$/vodshow/1---励志-----#人性片$/vodshow/1---人性-----#美食片$/vodshow/1---美食-----#女性片$/vodshow/1---女性-----#治愈片$/vodshow/1---治愈-----#历史片$/vodshow/1---历史-----#真人秀$/vodshow/1---真人秀-----#脱口秀$/vodshow/1---脱口秀-----#",
  "houzhui": "---.html", //网站翻页链接的后缀

  "shifouercijiequ": "1", //截取的列表数组是否需要二次截取，0不需要，1需要
  "jiequqian": "class=\"module-items", //不需要二次截取就填空
  "jiequhou": "class=\"fixedGroup", //不需要二次截取就填空
  "jiequshuzuqian": "<a", //截取的列表数组的前关键词,截取的关键词有 " 的用 \ 进行转义
  "jiequshuzuhou": "</a>", //截取的列表数组的后关键词,截取的关键词有 " 的用 \ 进行转义
  "tupianqian": "data-original=\"", //列表中资源的图片前关键词,截取的关键词有 " 的用 \ 进行转义
  "tupianhou": "\"", //列表中资源的图片后关键词,截取的关键词有 " 的用 \ 进行转义
  "biaotiqian": "class=\"module-poster-item-title\">", //列表中资源的标题前关键词,截取的关键词有 " 的用 \ 进行转义
  "biaotihou": "</div>", //列表中资源的标题后关键词,截取的关键词有 " 的用 \ 进行转义
  "lianjieqian": "href=\"", //列表中资源的详情页跳转链接前关键词,截取的关键词有 " 的用 \ 进行转义
  "lianjiehou": "\"", //列表中资源的详情页跳转链接后关键词,截取的关键词有 " 的用 \ 进行转义
  "gengxinqian": "module-item-note\">",
  "gengxinhou": "</div>",
  
  //搜索部分基本不用动，现在网站基本都是苹果CMS，所有搜索是固定的。
  "sousuoqian": "/index.php/ajax/suggest?mid=1&wd=",
  "sousuohou": "&limit=500",
  "sousuohouzhui": "/voddetail/", //搜索页影片跳转详情页的中间标识链接部分
  "ssmoshi": "0",
  "sousuoshifouercijiequ": "0",
  "jspic": "pic",
  "jsname": "name",
  "jsid": "id",
  "ssjiequqian": "空",
  "ssjiequhou": "空",
  "ssjiequshuzuqian": "空",
  "ssjiequshuzuhou": "空",
  "sstupianqian": "空",
  "sstupianhou": "空",
  "ssbiaotiqian": "空",
  "ssbiaotihou": "空",
  "sslianjieqian": "空",
  "sslianjiehou": "空",

  "bfshifouercijiequ": "0",
  "bfjiequqian": "空",
  "bfjiequhou": "空",
  "bfjiequshuzuqian": "class=\"module-play-list\"", //播放截取的列表数组的前关键词
  "bfjiequshuzuhou": "</div>", //播放截取的列表数组的后关键词

  "zhuangtaiqian": "更新：</span>", //状态前关键词
  "zhuangtaihou": "</div>", //状态后关键词
  "daoyanqian": "导演：</span>", //导演前关键词
  "daoyanhou": "</div>", //导演态后关键词
  "zhuyanqian": "主演：</span>", //主演前关键词
  "zhuyanhou": "</div>", //主演后关键词
  "juqingqian": "line-height: 20px;\">", //剧情前关键词
  "juqinghou": "</p>", //剧情后关键词

  "bfyshifouercijiequ": "0", //截取的播放列表数组是否需要二次截取，0不需要，1需要
  "bfyjiequqian": "空", //不需要二次截取就填空
  "bfyjiequhou": "空", //不需要二次截取就填空
  "bfyjiequshuzuqian": "<a", //播放剧集数组前关键词
  "bfyjiequshuzuhou": "/a>", //播放剧集数组后关键词
  "bfbiaotiqian": "<span>", //播放剧集标题前关键词
  "bfbiaotiqian": "<span>", //播放剧集标题前关键词
  "bfbiaotihou": "</span>", //状播放剧集标题后关键词
  "bflianjieqian": "href=\"", //播放剧集链接前关键词
  "bflianjiehou": "\""
} //播放剧集链接后关键词
