{"name": "奈非",
"url": "http://yanaifei.cn",
"tihuan": "cnzz.com",
"User": "空",
"fenlei": "电影$/vod/show/1--------#连续剧$/vod/show/2--------#动漫$/vod/show/4--------#国产剧$/vod/show/13--------#港台剧$/vod/show/14--------#日韩剧$/vod/show/15--------#欧美剧$/vod/show/16--------#泰国剧$/vod/show/20--------",
"houzhui": "---.html",
"shifouercijiequ": "1",
"jiequqian": "<div class=\"module-items module-poster-items-base\">",
"jiequhou": "<div id=\"page\">",
"jiequshuzuqian": "<a",
"jiequshuzuhou": "</a>",
"tupianqian": "data-original=\"",
"tupianhou": "\"",
"biaotiqian": "title=\"",
"biaotihou": "\"",
"lianjieqian": "href=\"",
"lianjiehou": "\"",
"sousuoqian": "/index.php/ajax/suggest?mid=1&wd=",
"sousuohou": "&limit=500",
"sousuohouzhui": "/vod/detail/",
"ssmoshi": "0",
"sousuoshifouercijiequ": "0",
"jspic": "pic",
"jsname": "name",
"jsid": "id",
"ssjiequqian": "空",
"ssjiequhou": "空",
"ssjiequshuzuqian": "空",
"ssjiequshuzuhou": "空",
"sstupianqian": "空",
"sstupianhou": "空",
"ssbiaotiqian": "空",
"ssbiaotihou": "空",
"sslianjieqian": "空",
"sslianjiehou": "空",
"bfshifouercijiequ": "0",
"bfjiequqian": "空",
"bfjiequhou": "空",
"bfjiequshuzuqian": "<div class=\"module-play-list-content module-play-list-base\">",
"bfjiequshuzuhou": "</div>",
"zhuangtaiqian": "更新：</span>",
"zhuangtaihou": "</div>",
"daoyanqian": "导演：</span>",
"daoyanhou": "</div>",
"zhuyanqian": "主演：</span>",
"zhuyanhou": "</div>",
"juqingqian": "<div class=\"module-info-introduction-content\">",
"juqinghou": "</p>",
"bfyshifouercijiequ": "0",
"bfyjiequqian": "空",
"bfyjiequhou": "空",
"bfyjiequshuzuqian": "<a",
"bfyjiequshuzuhou": "</a>",
"bfbiaotiqian": "<span>",
"bfbiaotihou": "</span>",
"bflianjieqian": "href=\"",
"bflianjiehou": "\""}
