{
  "name": "追追",
  "url": "https://chasemiao.com",
  "tihuan": "cnzz.com",
  "User": "空",
  "fenlei": "电影$/index.php/vod/show/id/1/page/#连续剧$/index.php/vod/show/id/2/page/#综艺$/index.php/vod/show/id/3/page/#动漫$/index.php/vod/show/id/4/page/#记录$/index.php/vod/show/id/76/page/#4K电影库$/index.php/vod/show/id/73/page/#4K剧集库$/index.php/vod/show/id/75/page/",
  "houzhui": "/",
  "shifouercijiequ": "1",
  "jiequqian": "module-page",
  "jiequhou": "<div id=\"page\">",
  "jiequshuzuqian": "<a",
  "jiequshuzuhou": "no-referrer",
  "tupianqian": "original=\"",
  "tupianhou": "\"",
  "biaotiqian": "title=\"",
  "biaotihou": "\"",
  "lianjieqian": "href=\"",
  "lianjiehou": "\"",
  "sousuoqian": "/index.php/ajax/suggest?mid=1&wd=",
  "sousuohou": "&limit=500",
  "sousuohouzhui": "/index.php/vod/detail/id/",
  "ssmoshi": "0",
  "sousuoshifouercijiequ": "0",
  "jspic": "pic",
  "jsname": "name",
  "jsid": "id",
  "ssjiequqian": "空",
  "ssjiequhou": "空",
  "ssjiequshuzuqian": "空",
  "ssjiequshuzuhou": "空",
  "sstupianqian": "空",
  "sstupianhou": "空",
  "ssbiaotiqian": "空",
  "ssbiaotihou": "空",
  "sslianjieqian": "空",
  "sslianjiehou": "空",
  "bfshifouercijiequ": "0",
  "bfjiequqian": "空",
  "bfjiequhou": "空",
  "zhuangtaiqian": "更新：",
  "zhuangtaihou": "</div>",
  "daoyanqian": "导演：",
  "daoyanhou": "</div>",
  "zhuyanqian": "主演：",
  "zhuyanhou": "</div>",
  "juqingqian": "简介：",
  "juqinghou": "/div>",
  "bfjiequshuzuqian": "class=\"module-list",
  "bfjiequshuzuhou": "</div>",
  "bfyshifouercijiequ": "0",
  "bfyjiequqian": "空",
  "bfyjiequhou": "空",
  "bfyjiequshuzuqian": "<a",
  "bfyjiequshuzuhou": "/a>",
  "bfbiaotiqian": "<span>",
  "bfbiaotihou": "</span>",
  "bflianjieqian": "href=\"",
  "bflianjiehou": "\""
}

