{
  "author":"20220720",
  "name": "厂长资源-蓝光",
  "url": "https://qianoo.cn",
  "tihuan": "aliyundrive",
  "User": "空",
  "shouye": "1",
  "fenlei": "本月热门$/benyueremen/page/#高分影视$/gaofenyingshi/page/#豆瓣影片TOP250$/dbtop250/page/#最新影片$/zuixindianying/page/#电影$/movie_bt/movie_bt_series/dyy/page/#电视剧$/movie_bt/movie_bt_series/dianshiju/page/#动画$/movie_bt/movie_bt_series/dohua/page/#国产剧$/movie_bt/movie_bt_series/guochanju/page/#香港剧$/movie_bt/movie_bt_series/gj/page/#台湾剧$/movie_bt/movie_bt_series/tj/page/#日本剧$/movie_bt/movie_bt_series/rj/page/#韩国剧$/movie_bt/movie_bt_series/hj/page/#美国剧$/movie_bt/movie_bt_series/mj/page/#海外剧$/movie_bt/movie_bt_series/hwj/page/#国语影片$/movie_bt/movie_bt_series/huayudianying/page/#韩国影片$/movie_bt_series/hanguodianying/page/#日本影片$/movie_bt/movie_bt_series/ribendianying/page/#美国影片$/movie_bt/movie_bt_series/meiguodianying/page/#法国影片$/movie_bt/movie_bt_series/faguodianying/page/#英国影片$/movie_bt/movie_bt_series/yingguodianying/page/#俄罗斯影片$/movie_bt/movie_bt_series/eluosidianying/page/#加拿大影片$/movie_bt/movie_bt_series/jianadadianying/page/#印度影片$/movie_bt/movie_bt_series/yindudianying/page/#传记剧$/movie_bt/movie_bt_tags/chuanji/movie_bt_series/dianshiju/page/#儿童剧$/movie_bt/movie_bt_tags/etet/movie_bt_series/dianshiju/page/#冒险剧$/movie_bt/movie_bt_tags/maoxian/movie_bt_series/dianshiju/page/剧情剧#$/movie_bt/movie_bt_tags/juqing/movie_bt_series/dianshiju/page/#动作剧$/movie_bt/movie_bt_tags/dozuo/movie_bt_series/dianshiju/page/#动漫剧$/movie_bt/movie_bt_tags/doman/movie_bt_series/dianshiju/page/#动画剧$/movie_bt/movie_bt_tags/dhh/movie_bt_series/dianshiju/page/#历史剧$/movie_bt/movie_bt_tags/lishi/movie_bt_series/dianshiju/page/#古装剧$/movie_bt/movie_bt_tags/guzhuang/movie_bt_series/dianshiju/page/#同性剧$/movie_bt/movie_bt_tags/tongxing/movie_bt_series/dianshiju/page/#喜剧剧$/movie_bt/movie_bt_tags/xiju/movie_bt_series/dianshiju/page/#奇幻剧$/movie_bt/movie_bt_tags/qihuan/movie_bt_series/dianshiju/page/#家庭剧$/movie_bt/movie_bt_tags/jiating/movie_bt_series/dianshiju/page/#恐怖剧$/movie_bt/movie_bt_tags/kubu/movie_bt_series/dianshiju/page/#悬疑剧$/movie_bt/movie_bt_tags/xuanyi/movie_bt_series/dianshiju/page/#情色剧$/movie_bt/movie_bt_tags/qingse/movie_bt_series/dianshiju/page/#惊悚剧$/movie_bt/movie_bt_tags/kingsong/movie_bt_series/dianshiju/page/#战争剧$/movie_bt/movie_bt_tags/zhanzhen/movie_bt_series/dianshiju/page/#歌舞剧$/movie_bt/movie_bt_tags/gw/movie_bt_series/dianshiju/page/#武侠剧$/movie_bt/movie_bt_tags/wuxia/movie_bt_series/dianshiju/page/#灾难剧$/movie_bt/movie_bt_tags/zainan/movie_bt_series/dianshiju/page/#爱情剧$/movie_bt/movie_bt_tags/aiqing/movie_bt_series/dianshiju/page/#犯罪剧$/movie_bt/movie_bt_tags/fanzui/movie_bt_series/dianshiju/page/#真人秀剧$/movie_bt/movie_bt_tags/zrx/movie_bt_series/dianshiju/page/#短片剧$/movie_bt/movie_bt_tags/dp/movie_bt_series/dianshiju/page/#科幻剧$/movie_bt/movie_bt_tags/kh/movie_bt_series/dianshiju/page/#记录剧$/movie_bt/movie_bt_tags/jlpp/movie_bt_series/dianshiju/page/#西部剧$/movie_bt/movie_bt_tags/xb/movie_bt_series/dianshiju/page/#运动剧$/movie_bt/movie_bt_tags/yd/movie_bt_series/dianshiju/page/#音乐剧$/movie_bt/movie_bt_tags/yy/movie_bt_series/dianshiju/page/#鬼怪剧$/movie_bt/movie_bt_tags/鬼怪/movie_bt_series/dianshiju/page/#传记片$/movie_bt/movie_bt_tags/chuanji/movie_bt_series/dyy/page/#儿童片$/movie_bt/movie_bt_tags/etet/movie_bt_series/dyy/page/#冒险片$/movie_bt/movie_bt_tags/maoxian/movie_bt_series/dyy/page/剧情片#$/movie_bt/movie_bt_tags/juqing/movie_bt_series/dyy/page/#动作片$/movie_bt/movie_bt_tags/dozuo/movie_bt_series/dyy/page/#动漫片$/movie_bt/movie_bt_tags/doman/movie_bt_series/dyy/page/#动画片$/movie_bt/movie_bt_tags/dhh/movie_bt_series/dyy/page/#历史片$/movie_bt/movie_bt_tags/lishi/movie_bt_series/dyy/page/#古装片$/movie_bt/movie_bt_tags/guzhuang/movie_bt_series/dyy/page/#同性片$/movie_bt/movie_bt_tags/tongxing/movie_bt_series/dyy/page/#喜剧片$/movie_bt/movie_bt_tags/xiju/movie_bt_series/dyy/page/#奇幻片$/movie_bt/movie_bt_tags/qihuan/movie_bt_series/dyy/page/#家庭片$/movie_bt/movie_bt_tags/jiating/movie_bt_series/dyy/page/#恐怖片$/movie_bt/movie_bt_tags/kubu/movie_bt_series/dyy/page/#悬疑片$/movie_bt/movie_bt_tags/xuanyi/movie_bt_series/dyy/page/#情色片$/movie_bt/movie_bt_tags/qingse/movie_bt_series/dyy/page/#惊悚片$/movie_bt/movie_bt_tags/kingsong/movie_bt_series/dyy/page/#战争片$/movie_bt/movie_bt_tags/zhanzhen/movie_bt_series/dyy/page/#歌舞片$/movie_bt/movie_bt_tags/gw/movie_bt_series/dyy/page/#武侠片$/movie_bt/movie_bt_tags/wuxia/movie_bt_series/dyy/page/#灾难片$/movie_bt/movie_bt_tags/zainan/movie_bt_series/dyy/page/#爱情片$/movie_bt/movie_bt_tags/aiqing/movie_bt_series/dyy/page/#犯罪片$/movie_bt/movie_bt_tags/fanzui/movie_bt_series/dyy/page/#真人秀片$/movie_bt/movie_bt_tags/zrx/movie_bt_series/dyy/page/#短片片$/movie_bt/movie_bt_tags/dp/movie_bt_series/dyy/page/#科幻片$/movie_bt/movie_bt_tags/kh/movie_bt_series/dyy/page/#记录片$/movie_bt/movie_bt_tags/jlpp/movie_bt_series/dyy/page/#西部片$/movie_bt/movie_bt_tags/xb/movie_bt_series/dyy/page/#运动片$/movie_bt/movie_bt_tags/yd/movie_bt_series/dyy/page/#音乐片$/movie_bt/movie_bt_tags/yy/movie_bt_series/dyy/page/#鬼怪片$/movie_bt/movie_bt_tags/鬼怪/movie_bt_series/dyy/page/",
  "houzhui": "",
  "shifouercijiequ": "0",
  "jiequqian": "空",
  "jiequhou": "空",
  "jiequshuzuqian": "<li>",
  "jiequshuzuhou": "</span>",
  "tupianqian": "original=\"",
  "tupianhou": "\"",
  "biaotiqian": "alt=\"",
  "biaotihou": "\"",
  "lianjieqian": "qianoo.cn",
  "lianjiehou": "\"",
  "sousuoqian": "/xssearch?q=",
  "sousuohou": "&limit=500",
  "sousuohouzhui": "/movie/",
  "ssmoshi": "1",
  "sousuoshifouercijiequ": "0",
  "jspic": "pic",
  "jsname": "name",
  "jsid": "id",
  "ssjiequqian": "空",
  "ssjiequhou": "空",
  "ssjiequshuzuqian": "<li>",
  "ssjiequshuzuhou": "</span>",
  "sstupianqian": "original=\"",
  "sstupianhou": "\"",
  "ssbiaotiqian": "alt=\"",
  "ssbiaotihou": "\"",
  "sslianjieqian": "qianoo.cn",
  "sslianjiehou": "\"",
  "bfshifouercijiequ": "0",
  "bfjiequqian": "空",
  "bfjiequhou": "空",
  "bfjiequshuzuqian": "class=\"paly_list",
  "bfjiequshuzuhou": "</div>",
  "zhuangtaiqian": "上映：<span>",
  "zhuangtaihou": "</span>",
  "daoyanqian": "<li>导演：",
  "daoyanhou": "</li>",
  "zhuyanqian": "<li>主演：",
  "zhuyanhou": "</li>",
  "juqingqian": "class=\"yp_context\">",
  "juqinghou": "</div>",
  "bfyshifouercijiequ": "0",
  "bfyjiequqian": "空",
  "bfyjiequhou": "空",
  "bfyjiequshuzuqian": "<a",
  "bfyjiequshuzuhou": "/a>",
  "bfbiaotiqian": ">",
  "bfbiaotihou": "<",
  "bflianjieqian": "qianoo.cn",
  "bflianjiehou": "\""
}
