{
"name": "看片网",
"url": "https://www.kanpian.cc/",
"tihuan": "cnzz.com",
"shouye": "1",
"User": "空",
"fenlei": "国产剧$/shaixuan/guochanju-----------/page/#港台剧$/shaixuan/gangtaiju-----------/page/#韩国剧$/shaixuan/hanju-----------/page/#美国剧$/shaixuan/meiju-----------/page/#海外剧$/shaixuan/haiwaiju-----------/page/#国 综$/shaixuan/neidizongyi-----------/page/#国 漫$/shaixuan/guochandongman-----------/page/#动作片$/shaixuan/dongzuopian-----------/page/#喜剧片$/shaixuan/xijupian-----------/page/#爱情片$/shaixuan/aiqingpian-----------/page/#科幻片$/shaixuan/kehuanpian-----------/page/#恐怖片$/shaixuan/kongbupian-----------/page/#剧情片$/shaixuan/juqingpian-----------/page/#战争片$/shaixuan/zhanzhengpian-----------/page/",
"houzhui": ".html",
"shifouercijiequ": "0",
"jiequqian": "空",
"jiequhou": "空",
"jiequshuzuqian": "class=\"vodlist_thumb lazyload\"",
"jiequshuzuhou": "</a>",
"tupianqian": "data-original=\"",
"tupianhou": "\"",
"biaotiqian": "title=\"",
"biaotihou": "\"",
"lianjieqian": "href=\"",
"lianjiehou": "\"",
"sousuoqian": "/index.php/ajax/suggest?mid=1&wd=",
"sousuohou": "&limit=500",
"sousuohouzhui": "/voddetail/",
"ssmoshi": "0",
"sousuoshifouercijiequ": "0",
"jspic": "pic",
"jsname": "name",
"jsid": "id",
"ssjiequqian": "空",
"ssjiequhou": "空",
"ssjiequshuzuqian": "空",
"ssjiequshuzuhou": "空",
"sstupianqian": "空",
"sstupianhou": "空",
"ssbiaotiqian": "空",
"ssbiaotihou": "空",
"sslianjieqian": "空",
"sslianjiehou": "空",
"bfshifouercijiequ": "0",
"bfjiequqian": "空",
"bfjiequhou": "空",
"bfjiequshuzuqian": "class=\"content_playlist list_scroll clearfix\"",
"bfjiequshuzuhou": "</ul>",
"zhuangtaiqian": "状态：",
"zhuangtaihou": "</li>",
"daoyanqian": "导演：",
"daoyanhou": "</li>",
"zhuyanqian": "主演：",
"zhuyanhou": "</li>",
"juqingqian": "剧情介绍</h2>",
"juqinghou": "</span>",
"bfyshifouercijiequ": "0",
"bfyjiequqian": "空",
"bfyjiequhou": "空",
"bfyjiequshuzuqian": "<a",
"bfyjiequshuzuhou": "/a>",
"bfbiaotiqian": ">",
"bfbiaotihou": "<",
"bflianjieqian": "href=\"",
"bflianjiehou": "\""
}
 
