{"name": "歪片星球",
"url": "https://waipian7.com",
"ua": "Mozilla/5.0 (iPhone; CPU iPhone OS 13_2_3 like Mac OS X) AppleWebKit/605.1.15 (KHTML, like Gecko) Version/13.0.3 Mobile/15E148 Safari/604.1",
"tihuan": "cnzz.com",
"shouye": "1",
"fenlei": "国产剧$/show-juji-中国大陆----------/page/#香港剧$/show-juji-中国香港----------/page/#韩国剧$/show-juji-韩国----------/page/#美国剧$/show-juji-美国----------/page/#综艺$/show-zongyi--------#动漫$/show-dongman--------#剧情片$/show-dianying---剧情--------/page/#科幻片$/show-dianying---科幻--------/page/#恐怖片$/show-dianying---恐怖--------/page/#动作片$/show-dianying---动作--------/page/#喜剧片$/show-dianying---喜剧--------/page/#战争片$/show-dianying---战争--------/page/#爱情片$/show-dianying---爱情--------/page/",
"houzhui": "",
"shifouercijiequ": "1",
"jiequqian": "class=\"module-items",
"jiequhou": "id=\"page",
"jiequshuzuqian": "<a",
"jiequshuzuhou": "alt=\"",
"tupianqian": "data-src=\"",
"tupianhou": "\"",
"biaotiqian": "title=\"", 
"biaotihou": "\"",
"lianjieqian": "href=\"",
"lianjiehou": "\"",
"sousuoqian": "/index.php/ajax/suggest?mid=1&wd=",
"sousuohou": "&limit=50",
"sousuoqian": "/search-",
"sousuohou": "-------------/",
"sousuohouzhui": "/video/",
"ssmoshi": "1",
"sousuoshifouercijiequ": "1",
"jspic": "pic",
"jsname": "name",
"jsid": "id",
"ssjiequqian": "class=\"module-card-item module-item",
"ssjiequhou": "class=\"module-card-item-info",
"ssjiequshuzuqian": "<a",
"ssjiequshuzuhou": "</a>",
"sstupianqian": "data-src=\"",
"sstupianhou": "\"",
"ssbiaotiqian": "alt=\"",
"ssbiaotihou": "\"",
"sslianjieqian": "href=\"",
"sslianjiehou": "\"",
    "xlshifouercijiequ": "",
    "xljiequqian": "",
    "xljiequhou": "",
    "xljiequshuzuqian": "data-dropdown-value=",
    "xljiequshuzuhou": "/span>",
    "xlbiaotiqian": ">",
    "xlbiaotihou": "<",
"bfshifouercijiequ": "0",
"bfjiequqian": "空",
"bfjiequhou": "空",
"bfjiequshuzuqian": "class=\"module-play-list-content",
"bfjiequshuzuhou": "</div>",
"zhuangtaiqian": "更新：</span>",
"zhuangtaihou": "</p >",
"daoyanqian": "导演：</span>",
"daoyanhou": "</div>",
"zhuangtaiqian": "上映：</span>",
"zhuangtaihou": "</div>",
"zhuyanqian": "主演：</span>",
"zhuyanhou": "</div>",
"juqingqian": "module-info-introduction-content\">",
"juqinghou": "</div>",
"bfyshifouercijiequ": "0", 
"bfyjiequqian": "空", 
"bfyjiequhou": "空", 
"bfyjiequshuzuqian": "<a", 
"bfyjiequshuzuhou": "</a>",
"bfbiaotiqian": "<span>",
"bfbiaotihou": "</span>", 
"bflianjieqian": "href=\"",
"bflianjiehou": "\""}