{"name": "tv-box",
"url": "http://m1.tv9box.com",
"tihuan": "cnzz.com",
"User": "User-Agent:Dart/2.14 (dart:io)",
"fenlei": "电影$/list-select-id-1-type--area--year--star--state--order-addtime-p-#电视剧$/list-select-id-2-type--area--year--star--state--order-addtime-p-#动漫$/list-select-id-3-type--area--year--star--state--order-addtime-p-#综艺$/list-select-id-4-type--area--year--star--state--order-addtime-p-#音乐$/list-select-id-7-type--area--year--star--state--order-addtime-p-",
"houzhui": ".html",
 "shouye": "1",
"shifouercijiequ": "0",
"jiequqian": "空",
"jiequhou": "空",
"jiequshuzuqian": "class=\"image",
"jiequshuzuhou": "</li>",
"tupianqian": "data-original=\"",
"tupianhou": "\"",
"biaotiqian": "alt=\"",
"biaotihou": "\"",
"lianjieqian": "href=\"",
"lianjiehou": "\"",
"fubiaotiqian": "<span class=\"continu\">",
"fubiaotihou": "</span>",
"sousuoqian": "/vod-search-wd-",
"sousuohou": ".html",
"sousuohouzhui": "/vod-read-id-",
"ssmoshi": "1",
"sousuoshifouercijiequ": "0",
//"jspic": "pic",
//"jsname": "name",
//"jsid": "id",
"ssjiequqian": "空",
"ssjiequhou": "空",
"ssjiequshuzuqian": "class=\"image",
"ssjiequshuzuhou": "</li>",
"sstupianqian": "data-original=\"",
"sstupianhou": "\"",
"ssbiaotiqian": "alt=\"",
"ssbiaotihou": "\"",
"sslianjieqian": "href=\"",
"sslianjiehou": "\"",
"bfshifouercijiequ": "0",
"bfjiequqian": "",
"bfjiequhou": "",
"bfjiequshuzuqian": "class=\"list-unstyled row text-center ff-playurl-line ff-playurl",
"bfjiequshuzuhou": "</ul>",
"zhuangtaiqian": "<small>",
"zhuangtaihou": "</small>",
"daoyanqian": "导演：",
"daoyanhou": "</dd>",
"zhuyanqian": "主演：",
"zhuyanhou": "</dd>",
"juqingqian": "class=\"tab-pane fade vod-nav-content\">",
"juqinghou": "</div>",
"bfyshifouercijiequ": "0",
"bfyjiequqian": "空",
"bfyjiequhou": "空",
"bfyjiequshuzuqian": "class=\"col-xs-",
"bfyjiequshuzuhou": "</li>",
"bfbiaotiqian": "class=\"btn btn-default btn-block btn-sm\">",
"bfbiaotihou": "</a>",
"bflianjieqian": "href=\"",
"bflianjiehou": "\""}
