﻿{
  "author": "春风",
  "ua": "",
  "homeUrl": "https://www.135kan.com",
  "dcVipFlag": "true",
  "pCfgJs": "https://www.135kan.com/static/js/playerconfig.js",
  "pCfgJsR": "MacPlayerConfig.player_list=([\\w\\W]*?),MacPlayerConfig.downer_list=",
  "dcShow2Vip": {},
  "dcPlayUrl": "true",
  "cateManual": {
    "电影": "dianying",
    "连续剧": "dianshiju",
    "国产剧": "guochanju",
    "港剧": "xianggangju",
    "台湾剧": "taiwanju",
    "韩剧": "hanguoju",
    "日剧": "ribenju",
    "欧美剧": "oumeiju",
    "海外剧": "haiwaiju",
    "动作片": "dongzuopian",
    "喜剧片": "xijupian",
    "爱情片": "aiqingpian",
    "科幻片": "kehuanpian",
    "恐怖片": "kongbupian",
    "剧情片": "juqingpian",
    "战争片": "zhanzhengpian",
    "动画片": "donghuapian"
  },
  "homeVodNode": "//div[@class='myui-vodlist__box']/a",
  "homeVodName": "/@title",
  "homeVodId": "/@href",
  "homeVodIdR": "/\\w+/(\\w+)\\S*/",
  "homeVodImg": "/@data-original",
  "homeVodImgR": "",
  "homeVodMark": "/span[@class='pic-text text-right']/text()",
  "cateUrl": "https://www.135kan.com/type/{cateId}-{catePg}/",
  "cateVodNode": "//div[@class='myui-vodlist__box']/a",
  "cateVodName": "/@title",
  "cateVodId": "/@href",
  "cateVodIdR": "/vod/(\\w+)/",
  "cateVodImg": "/@data-original",
  "cateVodImgR": "",
  "cateVodMark": "/span[@class='pic-text text-right']/text()",
  "dtUrl": "https://www.135kan.com/vod/{vid}/",
  "dtNode": "//body",
  "dtName": "//div[@class='myui-content__thumb']/a/@title",
  "dtNameR": "",
  "dtImg": "//div[@class='myui-content__thumb']/a/img/@data-original",
  "dtImgR": "",
  "dtCate": "//span[contains(text(),'分类')]/following-sibling::a/text()",
  "dtCateR": "",
  "dtYear": "//span[contains(text(),'年份')]/following-sibling::a/text()",
  "dtYearR": "",
  "dtArea": "//span[contains(text(),'地区')]/following-sibling::a/text()",
  "dtAreaR": "",
  "dtDirector": "//span[contains(text(),'导演')]/following-sibling::a/text()",
  "dtDirectorR": "",
  "dtActor": "//span[contains(text(),'主演')]/following-sibling::a/text()",
  "dtActorR": "",
  "dtDesc": "//span[contains(text(),'简介')]/parent::/text()",
  "dtDescR": "",
  "dtFromNode": "//div[contains(@class,'myui-panel__head bottom-line')]/h3",
  "dtFromName": "/text()",
  "dtFromNameR": "",
  "dtUrlNode": "//ul[contains(@class,'myui-content__list')]",
  "dtUrlSubNode": "/li/a",
  "dtUrlId": "@href",
  "dtUrlIdR": "/\\w+/(\\w+\\S*)/",
  "dtUrlName": "/text()",
  "dtUrlNameR": "",
  "playUrl": "https://www.135kan.com/play/{playUrl}/",
  "playUa": "",
  "searchUrl": "https://www.135kan.com/search/--/?wd={wd}&submit=",
  "scVodNode": "//ul[@id='searchList']//div[@class='thumb']/a",
  "scVodName": "/@title",
  "scVodId": "/@href",
  "scVodIdR": "/vod/(\\w+)/",
  "scVodImg": "/@data-original",
  "scVodMark": "/span[@class='pic-text text-right']/text()"
}