﻿{
	"author": "zhao xiaoyun",
	"ua": "Mozilla/5.0 (Android 12; Mobile; rv:68.0) Gecko/68.0 Firefox/99.0",
	"homeUrl": "https://www.xawqxh.net",
	"dcVipFlag": "true",
 	"pCfgJs": "https://www.xawqxh.net/static/js/playerconfig.js",
 	"pCfgJsR": "[\\W|\\S|.]*?MacPlayerConfig.player_list[\\W|\\S|.]*?=([\\W|\\S|.]*?),MacPlayerConfig.downer_list",
 	"dcShow2Vip": {},
 	"dcPlayUrl": "true",
	"cateNode": "//ul[contains(@class, 'navbar-items')]/li/a[contains(@href, 'vodtype')]",
	"cateName": "/text()",
	"cateId": "/@href",
	"cateIdR": "/vodtype/(\\d+).html",
	"cateManual": {
		"电影": "1",
		"连续剧": "2",
		"综艺": "3",
		"动漫": "4"
	},
	"homeVodNode": "//div[contains(@class, 'module-main')]/div/a[contains(@href, 'voddetail')]",
	"homeVodName": "/@title",
	"homeVodId": "/@href",
	"homeVodIdR": "/voddetail/(\\d+).html",
	"homeVodImg": "/div/div[contains(@class, 'module-item-pic')]/img/@data-original",
	"homeVodImgR": "",
	"homeVodMark": "/div/div[contains(@class, 'module-item-note')]/text()",
	
	"cateUrl": "https://www.xawqxh.net/vodshow/{cateId}--------{catePg}---.html",
	"cateVodNode": "//div[contains(@class, 'module-main')]/div[contains(@class, 'module-items')]/a",
	"cateVodName": "/@title",
	"cateVodId": "/@href",
	"cateVodIdR": "/voddetail/(\\d+).html",
	"cateVodImg": "//div[contains(@class, 'module-item-pic')]/img/@data-original",
	"cateVodImgR": "",
	"cateVodMark": "//div[contains(@class, 'module-item-cover')]/div/text()",
	
	"dtUrl": "https://www.xawqxh.net/voddetail/{vid}.html",
	"dtNode": "//div[contains(@class,'module-main')]",
	"dtName": "//div[contains(@class,'module-info-heading')]/h1/text()",
	"dtNameR": "",
	"dtImg": "/div[contains(@class,'module-info-poster')]//img/@data-original",
	"dtImgR": "",
	"dtCate": "/div[contains(@class,'module-info-main')]//div[contains(@class,'module-info-tag-link')][3]/a/text()",
	"dtCateR": "",
	"dtYear": "/div[contains(@class,'module-info-main')]//div[contains(@class,'module-info-tag-link')][1]/a/text()",
	"dtYearR": "",
	"dtArea": "/div[contains(@class,'module-info-main')]//div[contains(@class,'module-info-tag-link')][2]/a/text()",
	"dtAreaR": "",
	"dtMark": "",
	"dtMarkR": "",
	"dtActor": "//div[@class='module-info-item']//span[contains(@class,'module-info-item-title') and contains(text(), '主演')]/following-sibling::*/a/text()",
	"dtActorR": "",
	"dtDirector": "//div[@class='module-info-item']//span[contains(@class,'module-info-item-title') and contains(text(), '导演')]/following-sibling::*/a/text()",
	"dtDirectorR": "",
	"dtDesc": "//div[contains(@class,'module-info-introduction-content')]/p/text()",
	"dtDescR": "",
	"dtFromNode": "//div[contains(@class,'module-tab-items-box')]/div",
	"dtFromName": "/span/text()",
	"dtFromNameR": "",
	"dtUrlNode": "//div[contains(@class,'module-play-list')]/div[contains(@class,'module-play-list-content')]",
	"dtUrlSubNode": "/a",
	"dtUrlId": "@href",
	"dtUrlIdR": "/vodplay/(\\S+).html",
	"dtUrlName": "/span/text()",
	"dtUrlNameR": "",
	"playUrl": "https://www.xawqxh.net/vodplay/{playUrl}.html",
	"playUa": "",
	"searchUrl": "https://www.xawqxh.net/index.php/ajax/suggest?mid=1&wd={wd}&limit=10",
	"scVodNode": "json:list",
	"scVodName": "name",
	"scVodId": "id",
	"scVodIdR": "",
	"scVodImg": "pic",
	"scVodMark": "",
	"filter": {"1":[{"name":"年份","key":"year","value":[{"n":"全部","v":""},{"n":"2022","v":"2022"},{"n":"2021","v":"2021"},{"n":"2020","v":"2020"},{"n":"2019","v":"2019"},{"n":"2018","v":"2018"},{"n":"2017","v":"2017"},{"n":"2016","v":"2016"},{"n":"2015","v":"2015"},{"n":"2014","v":"2014"},{"n":"2013","v":"2013"},{"n":"2012","v":"2012"},{"n":"2011","v":"2011"},{"n":"2010","v":"2010"}]},{"name":"地区","key":"area","value":[{"n":"全部","v":""},{"n":"大陆","v":"大陆"},{"n":"香港","v":"香港"},{"n":"台湾","v":"台湾"},{"n":"美国","v":"美国"},{"n":"法国","v":"法国"},{"n":"英国","v":"英国"},{"n":"日本","v":"日本"},{"n":"韩国","v":"韩国"},{"n":"德国","v":"德国"},{"n":"泰国","v":"泰国"},{"n":"印度","v":"印度"},{"n":"意大利","v":"意大利"},{"n":"西班牙","v":"西班牙"},{"n":"加拿大","v":"加拿大"},{"n":"其他","v":"其他"}]},{"name":"类型","key":"class","value":[{"n":"全部","v":""},{"n":"动作","v":"动作"},{"n":"喜剧","v":"喜剧"},{"n":"爱情","v":"爱情"},{"n":"科幻","v":"科幻"},{"n":"恐怖","v":"恐怖"},{"n":"剧情","v":"剧情"},{"n":"战争","v":"战争"},{"n":"悬疑","v":"悬疑"},{"n":"冒险","v":"冒险"},{"n":"犯罪","v":"犯罪"},{"n":"奇幻","v":"奇幻"},{"n":"惊悚","v":"惊悚"},{"n":"青春","v":"青春"},{"n":"动画","v":"动画"}]},{"name":"排序","key":"by","value":[{"n":"最新","v":"time"},{"n":"人气","v":"hits"},{"n":"评分","v":"score"}]}],"2":[{"name":"年份","key":"year","value":[{"n":"全部","v":""},{"n":"2022","v":"2022"},{"n":"2021","v":"2021"},{"n":"2020","v":"2020"},{"n":"2019","v":"2019"},{"n":"2018","v":"2018"},{"n":"2017","v":"2017"},{"n":"2016","v":"2016"},{"n":"2015","v":"2015"},{"n":"2014","v":"2014"},{"n":"2013","v":"2013"},{"n":"2012","v":"2012"},{"n":"2011","v":"2011"},{"n":"2010","v":"2010"}]},{"name":"地区","key":"area","value":[{"n":"全部","v":""},{"n":"内地","v":"内地"},{"n":"韩国","v":"韩国"},{"n":"香港","v":"香港"},{"n":"台湾","v":"台湾"},{"n":"日本","v":"日本"},{"n":"美国","v":"美国"},{"n":"泰国","v":"泰国"},{"n":"英国","v":"英国"},{"n":"新加坡","v":"新加坡"},{"n":"其他","v":"其他"}]},{"name":"类型","key":"class","value":[{"n":"全部","v":""},{"n":"古装","v":"古装"},{"n":"战争","v":"战争"},{"n":"青春偶像","v":"青春偶像"},{"n":"喜剧","v":"喜剧"},{"n":"家庭","v":"家庭"},{"n":"犯罪","v":"犯罪"},{"n":"动作","v":"动作"},{"n":"奇幻","v":"奇幻"},{"n":"剧情","v":"剧情"},{"n":"历史","v":"历史"},{"n":"经典","v":"经典"},{"n":"乡村","v":"乡村"},{"n":"情景","v":"情景"},{"n":"商战","v":"商战"},{"n":"网剧","v":"网剧"},{"n":"其他","v":"其他"}]},{"name":"排序","key":"by","value":[{"n":"最新","v":"time"},{"n":"人气","v":"hits"},{"n":"评分","v":"score"}]}],"3":[{"name":"年份","key":"year","value":[{"n":"全部","v":""},{"n":"2022","v":"2022"},{"n":"2021","v":"2021"},{"n":"2020","v":"2020"},{"n":"2019","v":"2019"},{"n":"2018","v":"2018"},{"n":"2017","v":"2017"},{"n":"2016","v":"2016"},{"n":"2015","v":"2015"},{"n":"2014","v":"2014"},{"n":"2013","v":"2013"},{"n":"2012","v":"2012"},{"n":"2011","v":"2011"},{"n":"2010","v":"2010"}]},{"name":"地区","key":"area","value":[{"n":"全部","v":""},{"n":"内地","v":"内地"},{"n":"港台","v":"港台"},{"n":"日韩","v":"日韩"},{"n":"欧美","v":"欧美"}]},{"name":"排序","key":"by","value":[{"n":"最新","v":"time"},{"n":"人气","v":"hits"},{"n":"评分","v":"score"}]}],"5":[{"name":"年份","key":"year","value":[{"n":"全部","v":""},{"n":"2022","v":"2022"},{"n":"2021","v":"2021"},{"n":"2020","v":"2020"},{"n":"2019","v":"2019"},{"n":"2018","v":"2018"},{"n":"2017","v":"2017"},{"n":"2016","v":"2016"},{"n":"2015","v":"2015"},{"n":"2014","v":"2014"},{"n":"2013","v":"2013"},{"n":"2012","v":"2012"},{"n":"2011","v":"2011"},{"n":"2010","v":"2010"}]},{"name":"类型","key":"class","value":[{"n":"全部","v":""},{"n":"番剧","v":"番剧"},{"n":"国创","v":"国创"},{"n":"动画片","v":"动画片"}]},{"name":"排序","key":"by","value":[{"n":"最新","v":"time"},{"n":"人气","v":"hits"},{"n":"评分","v":"score"}]}]}
}
