﻿{
  "ua": "",
  "homeUrl": "https://www.akmeiju.cc/",
  "dcVipFlag": "true",
  "pCfgJs": "https://www.akmeiju.cc/static/js/playerconfig.js",
  "pCfgJsR": "[\\W|\\S|.]*?MacPlayerConfig.player_list[\\W|\\S|.]*?=([\\W|\\S|.]*?),MacPlayerConfig.downer_list",
  "dcShow2Vip": {},
  "dcPlayUrl": "true",
  "cateNode": "//ul[@class='item nav-list clearfix']/li/a[contains(@href, 'vtype')]",
  "cateName": "/text()",
  "cateId": "/@href",
  "cateIdR": "/vtype(\\S+).html",
  "cateManual": {},
  "homeVodNode": "//div[@class='myui-vodlist__box']",
  "homeVodName": "/a/@title",
  "homeVodId": "/a/@href",
  "homeVodIdR": "/vdetail(\\S+).html",
  "homeVodImg": "/a/@data-original",
  "homeVodImgR": "\\S+(http\\S+)",
  "homeVodMark": "/a/span[3]/text()",
  "cateUrl": "https://www.akmeiju.cc/vtype/{cateId}-{catePg}.html",
  "cateVodNode": "//li[@class='col-lg-8 col-md-6 col-sm-4 col-xs-3']",
  "cateVodName": "/div/a/@title",
  "cateVodId": "/div/a/@href",
  "cateVodIdR": "/vdetail(\\S+).html",
  "cateVodImg": "/div/a/@data-original",
  "cateVodImgR": "\\S+(http\\S+)",
  "cateVodMark": "/div/a/span[3]/text()",
  "dtUrl": "https://www.akmeiju.cc/vdetail/{vid}.html",
  "dtNode": "//div[@class='col-xs-1'][2]",
  "dtName": "/div[2]/h1[@class='title']/text()",
  "dtNameR": "",
  "dtImg": "/div[1]/a/img/@data-original",
  "dtImgR": "",
  "dtCate": "/div[2]/p[1]/a[1]/text()",
  "dtCateR": "",
  "dtYear": "/div[2]/p[1]/a[3]/text()",
  "dtYearR": "",
  "dtArea": "/div[2]/p[1]/a[2]/text()",
  "dtAreaR": "",
  "dtMark": "/div[2]/p[2]/span[2]/text()",
  "dtMarkR": "",
  "dtActor": "/div[2]/p[3]/a/text()",
  "dtActorR": "",
  "dtDirector": "/div[2]/p[4]/a/text()",
  "dtDirectorR": "",
  "dtDesc": "div[2]/p[5]/text()",
  "dtDescR": "",
  "dtFromNode": "//a[@data-toggle='tab' and contains(@href, 'playlist')]",
  "dtFromName": "/text()",
  "dtFromNameR": "",
  "dtUrlNode": "//ul[@class='myui-content__list scrollbar sort-list clearfix']",
  "dtUrlSubNode": "/li/a",
  "dtUrlId": "/@href",
  "dtUrlIdR": "/vplay(\\S+).html",
  "dtUrlName": "/text()",
  "dtUrlNameR": "",
  "playUrl": "https://www.akmeiju.cc/vplay/{playUrl}.html",
  "playUa": "",
  "searchUrl": "https://www.akmeiju.cc/index.php/ajax/suggest?mid=1&wd={wd}&limit=10",
  "scVodNode": "json:list",
  "scVodName": "name",
  "scVodId": "id",
  "scVodIdR": "",
  "scVodImg": "pic",
  "scVodMark": ""
}