﻿{
    “作者”：“春风”，
    "ua": "",
    "homeUrl": "https://m.doujiaow1.com/",
    “dcVipFlag”：“真”，
    "dcPlayUrl": "真",
    “cateManual”：{
        “电影”：“1”，
        "连续剧": "2",
        "视频大全": "25",
        “动漫”：“4”，
        《综艺》：《三十》
    },
    "homeVodNode": "//div[@class='con']/a",
    "homeVodName": "/@title",
    "homeVodId": "/@href",
    "homeVodIdR": "/vodhtml/(\\w+)/",
    "homeVodImg": "//@data-src",
    "homeVodImgR": "",
    "homeVodMark": "//em/text()",
    "cateUrl": "https://m.doujiaow1.com/index.php?m=vod-list-id-{cateId}-pg-{catePg}-order--by-time-class--year--字母--区域--lang-.html/page/.html",
    "cateVodNode": "//div[@class='con']/a",
    "cateVodName": "/@title",
    "cateVodId": "/@href",
    "cateVodIdR": "/vodhtml/(\\w+)/",
    "cateVodImg": "//@data-src",
    "cateVodImgR": "",
    "cateVodMark": "//em/text()",
    "dtUrl": "https://m.doujiaow1.com/vodhtml/{vid}/",
    "dtNode": "//section[@class='main']",
    "dtName": "//h1/text()",
    "dtNameR": "",
    "dtImg": "//div[@class='posterPic']/a//@src",
    “dtImgR”：“”，
    "dtCate": "//p[@class='pBottom']/span[4]/text()",
    "dtCateR": "类型/评分：(.*)",
    "dtYear": "//p[@class='pBottom']/span[3]/text()",
    "dtYearR": "地区/年代：\\S+ / (\\S+)",
    "dtArea": "//p[@class='pBottom']/span[3]/text()",
    "dtAreaR": "地区/年代：(\\S+) / \\S+",
    "dtDirector": "//p[@class='pBottom']/span[5]/text()",
    "dtDirectorR": "导演：(\\S+)",
    "dtActor": "//p[@class='pBottom']/span[6]/text()",
    "dtActorR": "演员：(\\S+)",
    "dtDesc": "//div[@class='tabCon']/p[2]/text()",
    "dtDescR": "剧情:(.*)",
    "dtFromNode": "//dt[@class='tabt3']/span[@id and and not(contains(text(),'迅雷')) and not(contains(text(),'百度')) ]",
    "dtFromName": "/text()",
    "dtFromNameR": "",
    "dtUrlNode": "//ul[contains(@class,'ulNumList')]",
    "dtUrlSubNode": "/li/a",
    "dtUrlId": "@href",
    "dtUrlIdR": "/vodplayhtml/(\\S+)",
    "dtUrlName": "/text()",
    "dtUrlNameR": "",
    "playUrl": "https://m.doujiaow1.com/vodplayhtml/{playUrl}.html",
    "playUa": "",
    "searchUrl": "https://m.doujiaow1.com/index.php?m=vod-search&wd={wd}",
    "scVodNode": "//div[@class='pic']/a",
    "scVodName": "/@title",
    "scVodId": "/@href",
    "scVodIdR": "/vodhtml/(\\w+)/",
    "scVodImg": "//@data-src",
    "scVodMark": "//text()"
}