﻿{
  "ua": "",
  "homeUrl": "https://www.dym8.com",
  "dcVipFlag": "true",
  "pCfgJs": "https://www.dym8.com/static/js/playerconfig.js",
  "pCfgJsR": "[\\W|\\S|.]*?MacPlayerConfig.player_list[\\W|\\S|.]*?=([\\W|\\S|.]*?),MacPlayerConfig.downer_list",
  "dcShow2Vip": {},
  "dcPlayUrl": "true",
  "cateNode": "//header//nav/ul/li/a[contains(@href, '/vod/type')]",
  "cateName": "/text()",
  "cateId": "/@href",
  "cateIdR": "/vod/type/(\\S+).html",
  "cateManual": {
    "电影": "1",
    "连续剧": "2",
    "综艺": "3",
    "动漫": "4"
  },
  "homeVodNode": "//li[contains(@class, 'item')]/div[contains(@class, 'item-con')]",
  "homeVodName": "/a[1]/@title",
  "homeVodId": "/a[1]/@href",
  "homeVodIdR": "/vod/detail(\\S+).html",
  "homeVodImg": "/a[1]/img/@data-original",
  "homeVodImgR": "\\S+(http\\S+)",
  "homeVodMark": "/span/em/text()",
  "cateUrl": "https://www.dym8.com/vod/type/{cateId}-{catePg}.html",
  "cateVodNode": "//li[contains(@class, 'item')]/div[contains(@class, 'item-con')]",
  "cateVodName": "/a[1]/@title",
  "cateVodId": "/a[1]/@href",
  "cateVodIdR": "/vod/detail(\\S+).html",
  "cateVodImg": "/a[1]/img/@data-original",
  "cateVodImgR": "\\S+(http\\S+)",
  "cateVodMark": "/span/em/text()",
  "dtUrl": "https://www.dym8.com/vod/detail/{vid}.html",
  "dtNode": "//div[contains(@class,'main-content')]",
  "dtName": "//h1[contains(@class,'article-subject-m')]/a/text()",
  "dtNameR": "",
  "dtImg": "//div[@class='thumb-wrap']/img/@src",
  "dtImgR": "\\S+(http\\S+)",
  "dtCate": "//p[@class='tags']/span/a/text()",
  "dtCateR": "",
  "dtYear": "//p[@class='year']/span/a/text()",
  "dtYearR": "",
  "dtArea": "//p[@class='country']/span/a/text()",
  "dtAreaR": "",
  "dtMark": "",
  "dtMarkR": "",
  "dtActor": "//p[@class='performer']/span/a/text()",
  "dtActorR": "",
  "dtDirector": "//p[@class='director']/span/a/text()",
  "dtDirectorR": "",
  "dtDesc": "//div[@class='summary-con']/p/text()",
  "dtDescR": "",
  "dtFromNode": "//div[contains(@class,'resource-box-nav')]/ul/li/a",
  "dtFromName": "/text()",
  "dtFromNameR": "",
  "dtUrlNode": "//ul[contains(@class,'episodes-list')]",
  "dtUrlSubNode": "//li/a",
  "dtUrlId": "/@href",
  "dtUrlIdR": "/vod/play(\\S+).html",
  "dtUrlName": "/text()",
  "dtUrlNameR": "",
  "playUrl": "https://www.dym8.com/vod/play/{playUrl}.html",
  "playUa": "",
  "searchUrl": "https://www.dym8.com/index.php/ajax/suggest?mid=1&wd={wd}&limit=10",
  "scVodNode": "json:list",
  "scVodName": "name",
  "scVodId": "id",
  "scVodIdR": "",
  "scVodImg": "pic",
  "scVodMark": ""
}