﻿{
  “作者”：“春风”，
  "ua": "",
  "homeUrl": "https://www.hiyszx.com",
  “dcVipFlag”：“真”，
  "dcPlayUrl": "真",
  “cateManual”：{
    “电影”：“dy”，
    "连续剧": "tv",
    “动漫”：“dm”，
    “综艺”：“zy”，
    "国产剧": "tv/dalu",
    "港台剧": "tv/tangtai",
    "韩剧": "tv/hanju",
    "欧美剧": "tv/oumei",
    "日剧": "tv/riju",
    "泰剧": "tv/taiju",
    "动作片": "dy/dongzuo",
    "爱情片": "dy/aiqing",
    "故事": "dy/kehuan",
    "恐怖片": "dy/kongbu",
    《喜剧片》：《dy/xiju》，
    “战争片”：“dy/zhanzheng”，
    "剧情片": "dy/juqing",
    《纪实》：《dy/jilu》
  },
  "homeVodNode": "//a[contains(@class,'videopic')]",
  "homeVodName": "/@title",
  "homeVodId": "/@href",
  "homeVodIdR": "/(\\S+)/",
  "homeVodImg": "/@data-original",
  "homeVodImgR": "",
  "homeVodMark": "/span[@class='note textbg']/text()",
  "cateUrl": "https://www.hiyszx.com/{cateId}/index.html",
  "cateVodNode": "//a[contains(@class,'videopic')]",
  "cateVodName": "/@title",
  "cateVodId": "/@href",
  "cateVodIdR": "/(\\S+)/",
  "cateVodImg": "/@data-original",
  "cateVodImgR": "",
  "cateVodMark": "/span[@class='note textbg']/text()",
  "dtUrl": "https://www.hiyszx.com/{vid}/",
  "dtNode": "//body",
  "dtName": "//a[@class='videopic']/@title",
  "dtNameR": "",
  "dtImg": "//a[@class='videopic']/@style",
  "dtImgR": "背景: url\\S(\\S+)\\S \\S+",
  "dtCate": "//span[contains(text(), '类型')]/following-sibling::a/text()",
  “dtCateR”：“”，
  "dtYear": "//span[contains(text(), '年份')]/parent::text()",
  “dtYearR”：“”，
  "dtArea": "//span[contains(text(), '地区')]/parent::text()",
  “dtAreaR”：“”，
  "dtDirector": "//span[contains(text(), '导演')]/following-sibling::a/text()",
  “dtDirectorR”：“”，
  "dtActor": "//span[contains(text(), '演员')]/following-sibling::a/text()",
  “dtActorR”：“”，
  "dtDesc": "//span[contains(text(), '剧情')]/parent::text()",
  “dtDescR”：“”，
  "dtFromNode": "//a[@class='option']",
  "dtFromName": "/text()",
  "dtFromNameR": "",
  "dtUrlNode": "//div[@class='playlist collapse in']/ul",
  "dtUrlSubNode": "/li/a",
  "dtUrlId": "@href",
  "dtUrlIdR": "/video/(\\S+).html",
  "dtUrlName": "/text()",
  "dtUrlNameR": "",
  "playUrl": "https://www.hiyszx.com/video/{playUrl}.html",
  "playUa": "",
  "searchUrl": "https://www.hiyszx.com/search.php?searchword={wd}",
  "scVodNode": "//dl[@class='content']",
  "scVodName": "//h3/a/text()",
  "scVodId": "//h3/a/@href",
  "scVodIdR": "/(\\S+)/",
  "scVodImg": "/dt/a/@style",
  "scVodImgR": "背景: url\\S(\\S+)\\S \\S+",
  "scVodMark": "//span[@class='note textbg']/text()"
}