{
"author":"baddychen",
"ua":"",
"homeUrl":"http://www.ikuwoo.cn",
"dcVipFlag":"true",
"pCfgJs":"http://www.ikuwoo.cn/static/js/playerconfig.js",
"pCfgJsR":"[\\W|\\S|.]*?MacPlayerConfig.player_list[\\W|\\S|.]*?=([\\W|\\S|.]*?),MacPlayerConfig.downer_list",
"dcShow2Vip":{
},
"dcPlayUrl":"true",
"cateNode":"//ul[@class='navbar-items swiper-wrapper']/li/a[contains(@href, 'type')]",
"cateName":"/@title",
"cateId":"/@href",
"cateIdR":"/index.php/vod/type/id/(\\d+).html",
"cateManual":{
},
"homeVodNode":"//div[contains(@class, 'module-poster-items-base')]/a",
"homeVodName":"/@title",
"homeVodId":"/@href",
"homeVodIdR":"/index.php/vod/detail/id/(\\w+).html",
"homeVodImg":"//div[@class='module-item-pic']/img/@data-original",
"homeVodImgR":"\\S+(http\\S+)",
"homeVodMark":"//div[@class='module-item-note']/text()",
"cateUrl":"http://www.ikuwoo.cn/index.php/vod/show/id/{cateId}/page/{catePg}.html",
"cateVodNode":"//div[contains(@class, 'module-poster-items-base')]/a",
"cateVodName":"/@title",
"cateVodId":"/@href",
"cateVodIdR":"/index.php/vod/detail/id/(\\w+).html",
"cateVodImg":"//div[@class='module-item-pic']/img/@data-original",
"cateVodImgR":"\\S+(http\\S+)",
"cateVodMark":"//div[@class='module-item-note']/text()",
"dtUrl":"http://www.ikuwoo.cn/index.php/vod/detail/id/{vid}.html",
"dtNode":"//body",
"dtName":"//div[@class='module-item-pic']/img/@alt",
"dtNameR":"",
"dtImg":"//div[@class='module-item-pic']/img/@data-original",
"dtImgR":"\\S+(http\\S+)",
"dtCate":"//div[@class='module-info-tag']/div[3]/a[1]/text()",
"dtCateR":"",
"dtYear":"//div[@class='module-info-tag']/div[1]/a/text()",
"dtYearR":"",
"dtArea":"//div[@class='module-info-tag']/div[2]/a/text()",
"dtAreaR":"",
"dtMark":"",
"dtMarkR":"",
"dtActor":"//span[contains(text(),'主演')]/following-sibling::div/a/text()",
"dtActorR":"",
"dtDirector":"//span[contains(text(),'导演')]/following-sibling::div/a/text()",
"dtDirectorR":"",
"dtDesc":"//div[contains(@class,'module-info-introduction-content')]/p/text()",
"dtDescR":"",
"dtFromNode":"//div[@id='y-playList']/div/span",
"dtFromName":"/text()",
"dtFromNameR":"",
"dtUrlNode":"//div[@id='panel1']/div[1]",
"dtUrlSubNode":"/div/a",
"dtUrlId":"@href",
"dtUrlIdR":"/index.php/vod/play/id/(\\S+).html",
"dtUrlName":"/span/text()",
"dtUrlNameR":"",
"playUrl":"http://www.ikuwoo.cn/index.php/vod/play/id/{playUrl}.html",
"playUa":"",
"searchUrl":"http://www.ikuwoo.cn/index.php/ajax/suggest?mid=1&wd={wd}&limit=10",
"scVodNode":"json:list",
"scVodName":"name",
"scVodId":"id",
"scVodIdR":"",
"scVodImg":"pic",
"scVodMark":""
}