﻿{
  "作者": "唐三99999",
  "ua": "",
  "homeUrl": "https://www.jubaibai.cc/",
  “dcVipFlag”：“真”，
  "dcPlayUrl": "真",
  "cateNode": "//ul[contains(@class,'stui-header__menu')]/li/a[contains(@href, 'type')而不是(contains(@href,'zhibo'))]" ,
  "cateName": "/text()",
  "cateId": "/@href",
  "cateIdR": "/type/(\\w+).html",
  “cateManual”：{}，
  "homeVodNode": "//ul[contains(@class,'stui-vodlist')]/li/div/a",
  "homeVodName": "/@title",
  "homeVodId": "/@href",
  "homeVodIdR": "/vod/(\\w+).html",
  "homeVodImg": "/@data-original",
  "homeVodImgR": "\\S+(http\\S+)",
  "homeVodMark": "//span[contains(@class,'pic-text text-right')]/b/text()",
  "cateUrl": "https://www.jubaibai.cc/vodshow/id/{cateId}/area/{area}/by/{by}/page/{catePg}/year/{year}.html",
  "cateVodNode": "//ul[contains(@class,'stui-vodlist')]/li/div/a",
  "cateVodName": "/@title",
  "cateVodId": "/@href",
  "cateVodIdR": "/vod/(\\w+).html",
  "cateVodImg": "/@data-original",
  "cateVodImgR": "\\S+(http\\S+)",
  "cateVodMark": "//span[contains(@class,'pic-text text-right')]/b/text()",
  "dtUrl": "https://www.jubaibai.cc/vod/{vid}.html",
  "dtNode": "//body",
  "dtName": "//div[包含(@class,'stui-content__detail')]/h1/text()",
  "dtNameR": "",
  "dtImg": "//div[包含(@class,'stui-content__thumb')]/a/img/@data-original",
  "dtImgR": "\\S+(http\\S+)",
  "dtCate": "//p[包含(@class,'data')][1]/text()",
  "dtCateR": "\\S+：(\\S+)",
  "dtYear": "//p[包含(@class,'data')][5]/text()",
  "dtYearR": "\\S+：(\\S+)",
  "dtArea": "//p[contains(@class,'data')][3]/text()",
  "dtAreaR": "\\S+：(\\S+)",
  "dtMark": "//p[包含(@class,'data')][8]/span/text()",
  “dtMarkR”：“”，
  "dtDirector": "//p[包含(@class,'data')][6]/a/text()",
  "dtDirectorR": "\\S+：(\\S+)",
  "dtActor": "//p[contains(@class,'data')][7]/a/text()",
  "dtActorR": "\\S+：(\\S+)",
  "dtDesc": "//span[@class='detail-content']/text()",
  "dtFromNode": "//div[@class='stui-vodlist__head']/h3",
  "dtFromName": "/text()",
  "dtFromNameR": "",
  "dtUrlNode": "//ul[contains(@class,'stui-content__playlist')]",
  "dtUrlSubNode": "/li/a",
  "dtUrlId": "/@href",
  "dtUrlIdR": "/play/(\\S+).html",
  "dtUrlName": "/text()",
  "dtUrlNameR": "",
  "playUrl": "https://www.jubaibai.cc/play/{playUrl}.html",
  "playUa": "",
  "searchUrl": "https://www.jubaibai.cc/index.php/ajax/suggest?mid=1&wd={wd}&limit=10",
  "scVodNode": "json:list",
  "scVodName": "名称",
  "scVodId": "id",
  “scVodIdR”：“”，
  "scVodImg": "图片",
  "scVodMark": "",
  “筛选”： {
    《点影》：[
      {
        "key": "cateId",
        "名称": "类型",
        “价值”： [
          {
            "n": "全部",
            “v”：“”
          },
          {
            "n": "动作片",
            "v": "东作篇"
          },
          {
            "n": "喜剧片",
            "v": "西聚篇"
          },
          {
            "n": "爱情片",
            "v": "爱青片"
          },
          {
            "n": "故事片",
            "v": "可换片"
          },
          {
            "n": "恐怖片",
            "v": "孔布片"
          },
          {
            "n": "剧情片",
            "v": "聚情篇"
          },
          {
            "n": "战争片",
            “v”：“展正片”
          },
          {
            "n": "特征",
            “v”：“东华”
          }
        ]
      },
      {
        “关键”：“区域”，
        “名称”：“地区”，
        “价值”： [
          {
            "n": "全部",
            “v”：“”
          },
          {
            "n": "中国大陆",
            "v": "中国大陆"
          },
          {
            "n": "中国香港",
            "v": "中国香港"
          },
          {
            "n": "中国台湾",
            "v": "中国台湾"
          },
          {
            “n”：“美国”，
            “v”：“美国”
          },
          {
            “n”：“韩国”，
            “v”：“韩国”
          },
          {
            "n": "日本",
            “v”：“日本”
          },
          {
            "n": "泰国",
            "v": "泰国"
          },
          {
            "n": "新加坡",
            “v”：“新加坡”
          },
          {
            "n": "马来西亚",
            "v": "马来西亚"
          },
          {
            "n": "印度",
            "v": "印度"
          },
          {
            "n": "英国",
            “v”：“英国”
          },
          {
            "n": "法国",
            “v”：“法国”
          },
          {
            "n": "德国",
            "v": "德国"
          },
          {
            "n": "加拿大",
            "v": "加拿大"
          },
          {
            “n”：“西班牙”，
            “v”：“西班牙”
          },
          {
            "n": "俄罗斯",
            “v”：“俄罗斯”
          },
          {
            "n": "其它",
            "v": "其他"
          }
        ]
      },
      {
        “键”：“年”，
        “名称”：“年份”，
        “价值”： [
          {
            "n": "全部",
            “v”：“”
          },
          {
            “n”：“2022”，
            “v”：“2022”
          },
          {
            “n”：“2021”，
            “v”：“2021”
          },
          {
            “n”：“2020”，
            “五”：“2020”
          },
          {
            “n”：“2019”，
            “v”：“2019”
          },
          {
            “n”：“2018”，
            “v”：“2018”
          },
          {
            “n”：“2017”，
            “v”：“2017”
          },
          {
            “n”：“2016”，
            “v”：“2016”
          },
          {
            “n”：“2015”，
            “v”：“2015”
          },
          {
            “n”：“2014”，
            “v”：“2014”
          },
          {
            “n”：“2013”​​，
            “v”：“2013”
          },
          {
            “n”：“2012”，
            “五”：“2012”
          },
          {
            “n”：“2011”，
            “v”：“2011”
          },
          {
            “n”：“2010”，
            “v”：“2010”
          }
        ]
      },
      {
        “关键”：“通过”，
        "name": "示例",
        “价值”： [
          {
            "n": "时间",
            “v”：“”
          },
          {
            "n": "人气",
            “v”：“命中”
          },
          {
            "n": "评分",
            “v”：“分数”
          }
        ]
      }
    ],
    《点石居》：[
      {
        "key": "cateId",
        "名称": "类型",
        “价值”： [
          {
            "n": "全部",
            “v”：“”
          },
          {
            "n": "大陆剧",
            "v": "国餐居"
          },
          {
            "n": "港台剧",
            "v": "刚体聚"
          },
          {
            "n": "日韩剧",
            “v”：“rihanju”
          },
          {
            "n": "欧美剧",
            "v": "欧美居"
          },
          {
            "n": "其他剧",
            “v”：“七塔举”
          }
        ]
      },
      {
        “键”：“年”，
        “名称”：“年份”，
        “价值”： [
          {
            "n": "全部",
            “v”：“”
          },
          {
            “n”：“2022”，
            “v”：“2022”
          },
          {
            “n”：“2021”，
            “v”：“2021”
          },
          {
            “n”：“2020”，
            “五”：“2020”
          },
          {
            “n”：“2019”，
            “v”：“2019”
          },
          {
            “n”：“2018”，
            “v”：“2018”
          },
          {
            “n”：“2017”，
            “v”：“2017”
          },
          {
            “n”：“2016”，
            “v”：“2016”
          },
          {
            “n”：“2015”，
            “v”：“2015”
          },
          {
            “n”：“2014”，
            “v”：“2014”
          },
          {
            “n”：“2013”​​，
            “v”：“2013”
          },
          {
            “n”：“2012”，
            “五”：“2012”
          },
          {
            “n”：“2011”，
            “v”：“2011”
          },
          {
            “n”：“2010”，
            “v”：“2010”
          },
          {
            “n”：“2009”，
            “v”：“2009”
          },
          {
            “n”：“2008”，
            “五”：“2008”
          },
          {
            “n”：“2007”，
            “v”：“2007”
          },
          {
            “n”：“2006”，
            “五”：“2006”
          },
          {
            “n”：“2005”，
            “五”：“2005”
          },
          {
            “n”：“2004”，
            “v”：“2004”
          }
        ]
      },
      {
        “关键”：“通过”，
        "name": "示例",
        “价值”： [
          {
            "n": "时间",
            “v”：“”
          },
          {
            "n": "人气",
            “v”：“命中”
          },
          {
            "n": "评分",
            “v”：“分数”
          }
        ]
      }
    ],
    《宗义》：【
      {
        “关键”：“区域”，
        “名称”：“地区”，
        “价值”： [
          {
            "n": "全部",
            “v”：“”
          },
          {
            "n": "中国大陆",
            "v": "中国大陆"
          },
          {
            "n": "日本",
            “v”：“日本”
          },
          {
            "n": "欧美",
            "v": "欧美"
          },
          {
            "n": "其他",
            "v": "其他"
          }
        ]
      },
      {
        “键”：“年”，
        “名称”：“年份”，
        “价值”： [
          {
            "n": "全部",
            “v”：“”
          },
          {
            “n”：“2022”，
            “v”：“2022”
          },
          {
            “n”：“2021”，
            “v”：“2021”
          },
          {
            “n”：“2020”，
            “五”：“2020”
          },
          {
            “n”：“2019”，
            “v”：“2019”
          },
          {
            “n”：“2018”，
            “v”：“2018”
          },
          {
            “n”：“2017”，
            “v”：“2017”
          },
          {
            “n”：“2016”，
            “v”：“2016”
          },
          {
            “n”：“2015”，
            “v”：“2015”
          },
          {
            “n”：“2014”，
            “v”：“2014”
          },
          {
            “n”：“2013”​​，
            “v”：“2013”
          },
          {
            “n”：“2012”，
            “五”：“2012”
          },
          {
            “n”：“2011”，
            “v”：“2011”
          },
          {
            “n”：“2010”，
            “v”：“2010”
          },
          {
            “n”：“2009”，
            “v”：“2009”
          },
          {
            “n”：“2008”，
            “五”：“2008”
          },
          {
            “n”：“2007”，
            “v”：“2007”
          },
          {
            “n”：“2006”，
            “五”：“2006”
          },
          {
            “n”：“2005”，
            “五”：“2005”
          },
          {
            “n”：“2004”，
            “v”：“2004”
          }
        ]
      },
      {
        “关键”：“通过”，
        "name": "示例",
        “价值”： [
          {
            "n": "时间",
            “v”：“”
          },
          {
            "n": "人气",
            “v”：“命中”
          },
          {
            "n": "评分",
            “v”：“分数”
          }
        ]
      }
    ],
    “东曼”：[
      {
        “关键”：“区域”，
        “名称”：“地区”，
        “价值”： [
          {
            "n": "全部",
            “v”：“”
          },
          {
            "n": "中国大陆",
            "v": "中国大陆"
          },
          {
            "n": "日本",
            “v”：“日本”
          },
          {
            "n": "欧美",
            "v": "欧美"
          },
          {
            "n": "其他",
            "v": "其他"
          }
        ]
      },
      {
        “键”：“年”，
        “名称”：“年份”，
        “价值”： [
          {
            "n": "全部",
            “v”：“”
          },
          {
            “n”：“2022”，
            “v”：“2022”
          },
          {
            “n”：“2021”，
            “v”：“2021”
          },
          {
            “n”：“2020”，
            “五”：“2020”
          },
          {
            “n”：“2019”，
            “v”：“2019”
          },
          {
            “n”：“2018”，
            “v”：“2018”
          },
          {
            “n”：“2017”，
            “v”：“2017”
          },
          {
            “n”：“2016”，
            “v”：“2016”
          },
          {
            “n”：“2015”，
            “v”：“2015”
          },
          {
            “n”：“2014”，
            “v”：“2014”
          },
          {
            “n”：“2013”​​，
            “v”：“2013”
          },
          {
            “n”：“2012”，
            “五”：“2012”
          },
          {
            “n”：“2011”，
            “v”：“2011”
          },
          {
            “n”：“2010”，
            “v”：“2010”
          },
          {
            “n”：“2009”，
            “v”：“2009”
          },
          {
            “n”：“2008”，
            “五”：“2008”
          },
          {
            “n”：“2007”，
            “v”：“2007”
          },
          {
            “n”：“2006”，
            “五”：“2006”
          },
          {
            “n”：“2005”，
            “五”：“2005”
          },
          {
            “n”：“2004”，
            “v”：“2004”
          }
        ]
      },
      {
        “关键”：“通过”，
        "name": "示例",
        “价值”： [
          {
            "n": "时间",
            “v”：“”
          },
          {
            "n": "人气",
            “v”：“命中”
          },
          {
            "n": "评分",
            “v”：“分数”
          }
        ]
      }
    ]
  }
}