﻿{
    “作者”：“20220522”，
    "ua": "",
    "homeUrl": "https://www.naifei.org/",
    "dcPlayUrl": "真",
    “cateManual”：{
      “电影”：“dy”，
      “剧集”：“剧集”，
      《综艺》：《综艺》，
      “动漫”：“东曼”，
      《纪实》：《吉鲁番》
    },
    "homeVodNode": "//div[contains(@class, 'module-item')]/div[contains(@class, 'module-item')]",
    "homeVodName": "/div[contains(@class, 'module-item-titlebox')]/a/@title",
    "homeVodId": "/div[contains(@class, 'module-item-titlebox')]/a/@href",
    "homeVodIdR": "/voddetail/(\\w+).html",
    "homeVodImg": "/div[contains(@class, 'module-item-cover')]/div[contains(@class, 'module-item-pic')]/img/@src",
    "homeVodImgR": "\\S+(http\\S+)",
    "homeVodMark": "/div[contains(@class,'module-item-text')]/text()",
    
    "cateUrl": "https://www.naifei.org/vodshow/area/{area}/by/{by}/class/{class}/id/{cateId}/lang/{lang}/year/{年}/page/{catePg}.html",
    "cateVodNode": "//div[contains(@class, 'module-item')]/div[contains(@class, 'module-item')]",
    "cateVodName": "/div[contains(@class, 'module-item-titlebox')]/a/@title",
    "cateVodId": "/div[contains(@class, 'module-item-titlebox')]/a/@href",
    "cateVodIdR": "/voddetail/(\\w+).html",
    "cateVodImg": "/div[contains(@class, 'module-item-cover')]/div[contains(@class, 'module-item-pic')]/img/@src",
    "cateVodImgR": "\\S+(http\\S+)",
    "cateVodMark": "/div[contains(@class,'module-item-text')]/text()",
  
    "dtUrl": "https://www.naifei.org/voddetail/{vid}.html",
    "dtNode": "//body",
    "dtName": "//div[contains(@class,'video-info-header')]/h1[@class='page-title']/a/text()",
    "dtNameR": "",
    "dtImg": "//div[@class=('module-item-pic')]/img/@src",
    "dtImgR": "(http\\S+)",
    "dtCate": "//div[包含(@class,'tag-link')]/a/text()",
    “dtCateR”：“”，
    "dtYear": "//a[@class='tag-link'][2]/text()",
    "dtArea": "//a[@class='tag-link'][3]/text()",
    “dtAreaR”：“”，
    "dtDesc": "//span[contains(text(), '剧情')]/parent::*/div/span/text()",
    “dtDescR”：“”，
    "dtActor": "concat(//span[contains(text(), '演员')]/parent::*/div/a/text())",
    “dtActorR”：“”，
    "dtDirector": "concat(//span[contains(text(), '导演')]/parent::*/div/a/text())",
    “dtDirectorR”：“”，
    
    "dtFromNode": "//div[contains(@class,'module-tab-items')]/div[2]/div/span",
    "dtFromName": "/text()",
    "dtFromNameR": "",
    "dtUrlNode": "//div[contains(@class,'module-tab-content')]//div[contains(@class,'sort-item')]",
    "dtUrlSubNode": "/a",
    "dtUrlId": "/@href",
    "dtUrlIdR": "/vodplay/(\\S+).html",
    "dtUrlName": "/span/text()",
    "dtUrlNameR": "",
    "playUrl": "https://www.naifei.org/vodplay/{playUrl}.html",
    "playUa": "",
    
    "searchUrl": "https://www.naifei.org/index.php/ajax/suggest?mid=1&wd={wd}&limit=10",
    "scVodNode": "json:list",
    "scVodName": "名称",
    "scVodId": "id",
    “scVodIdR”：“”，
    "scVodImg": "图片",
    "scVodMark": "",
  
    “筛选”：{
      “迪”：[
        {
          "key": "cateId",
          "名称": "类型",
          “价值”： [
            {"n": "全部类型","v": "1"},
            {"n": "动作片","v": "动作片"},
            {"n": "喜剧片","v": "喜居片"},
            {"n": "爱情片","v": "爱情片"},
            {"n": "犯罪片","v": "fanzuipian"},
            {"n": "恐怖片","v": "孔布片"},
            {"n": "惊槲片","v": "惊松片"},
            {"n": "悬疑片","v": "悬疑片"},
            {"n": "奇幻片","v": "七环片"},
            {"n": "魔幻片","v": "mehuanpian"},
            {"n": "剧情片","v": "聚情片"},
            {"n": "人物","v": "动话片"},
            {"n": "战争片","v": "战正片"},
            {"n": "人物片","v": "可换篇"}
          ]},
        {
          “键”：“类”，
          “名称”：“剧情”，
          “价值”： [
            {"n": "全部剧情","v": ""},
            {"n":"喜剧","v":"喜剧"},
            {"n": "爱情","v": "爱情"},
            {“n”：“恐怖”，“v”：“恐怖”}，
            {"n": "活动","v": "活动"},
            {"n": "传奇","v": "传奇"},
            {“n”：“剧情”，“v”：“剧情”}，
            {"n": "战争","v": "战争"},
            {"n": "警匪","v": "警匪"},
            {"n": "犯罪","v": "犯罪"},
            {"n": "动画","v": "动画"},
            {"n": "奇幻","v": "奇幻"},
            {"n": "武侠","v": "武侠"},
            {"n": "冒险","v": "冒险"},
            {"n": "枪战","v": "枪战"},
            {“n”：“恐怖”，“v”：“恐怖”}，
            {"n": "悬疑","v": "悬疑"},
            {"n": "惊槲","v": "槲楹"},
            {"n": "经典","v": "经典"},
            {"n": "青春","v": "青春"},
            {"n": "文艺","v": "文艺"},
            {"n": "微电影","v": "微电影"},
            {"n": "古装","v": "古装"},
            {"n": "历史","v": "历史"},
            {"n": "运动","v": "运动"},
            {"n": "农村","v": "农村"},
            {"n": "儿童","v": "儿童"},
            {"n": "网络电影","v": "网络电影"}
          ]},
        {
          “关键”：“区域”，
          “名称”：“地区”，
          “价值”： [
            {"n": "全部","v": ""},
            {"n": "内地","v": "内地"},
            {"n": "香港","v": "香港"},
            {"n": "台湾","v": "台湾"},
            {"n": "美国","v": "美国"},
            {"n": "韩国","v": "韩国"},
            {"n": "法国","v": "法国"},
            {"n": "英国","v": "英国"},
            {"n": "日本","v": "日本"},
            {"n": "德国","v": "德国"},
            {"n": "泰国","v": "泰国"},
            {"n": "印度","v": "印度"},
            {"n": "意大利","v": "意大利"},
            {"n": "西班牙","v": "西班牙"},
            {"n": "加拿大","v": "加拿大"},
            {"n": "其他","v": "其他"}
          ]},
        {
          “键”：“朗”，
          "name": "语言",
          “价值”： [
            {"n": "全部","v": ""},
            {"n": "普通话","v": "普通话"},
            {"n": "英语","v": "英语"},
            {"n": "粤语","v": "粤语"},
            {"n": "闽南语","v": "闽南语"},
            {"n": "韩语","v": "韩语"},
            {"n": "日语","v": "日语"},
            {"n": "法语","v": "法语"},
            {"n": "德国","v": "德国"},
            {"n": "其它","v": "其它"}
          ]},
        {
          “键”：“年”，
          “名称”：“年份”，
          “价值”： [
            {"n": "全部","v": ""},
            {“n”：“2022”，“v”：“2022”}，
            {“n”：“2021”，“v”：“2021”}，
            {“n”：“2020”，“v”：“2020”}，
            {“n”：“2019”，“v”：“2019”}，
            {“n”：“2018”，“v”：“2018”}，
            {“n”：“2017”，“v”：“2017”}，
            {“n”：“2016”，“v”：“2016”}，
            {“n”：“2015”，“v”：“2015”}，
            {“n”：“2014”，“v”：“2014”}，
            {“n”：“2013”​​，“v”：“2013”​​}，
            {“n”：“2012”，“v”：“2012”}，
            {“n”：“2011”，“v”：“2011”}，
            {“n”：“2010”，“v”：“2010”}，
            {“n”：“2009”，“v”：“2009”}，
            {“n”：“2008”，“v”：“2008”}
          ]},
        {
          “关键”：“通过”，
          "name": "示例",
          “价值”： [
            {"n": "全部","v": ""},
            {"n": "时间示例","v": "时间"},
            {"n": "热门示例","v": "hits"},
            {"n": "评分示例","v": "score"}
          ]}
      ],
  
      “朱吉”：[
        {
          "key": "cateId",
          "名称": "类型",
          “价值”： [
            {"n": "全部类型","v": ""},
            {"n": "国产剧","v": "国产剧"},
            {"n": "香港剧","v": "向港剧"},
            {"n": "台湾剧","v": "台湾剧"},
            {"n": "欧美剧","v": "欧美剧"},
            {"n": "英伦剧","v": "英伦剧"},
            {"n": "日本剧","v": "ribenju"},
            {"n": "韩国剧","v": "韩果居"},
            {"n": "东南亚","v": "dongnanya"},
            {"n": "其他剧","v": "qitaju"}
          ]},
        {
          “键”：“类”，
          “名称”：“剧情”，
          “价值”： [
            {"n": "全部剧情","v": ""},
            {"n": "爱情","v": "爱情"},
            {"n": "古装","v": "古装"},
            {"n": "战争","v": "战争"},
            {"n": "青春","v": "青春"},
            {"n": "偶像","v": "偶像"},
            {"n":"喜剧","v":"喜剧"},
            {"n": "家庭","v": "家庭"},
            {"n": "犯罪","v": "犯罪"},
            {"n": "活动","v": "活动"},
            {"n": "奇幻","v": "奇幻"},
            {“n”：“剧情”，“v”：“剧情”}，
            {"n": "历史","v": "历史"},
            {"n": "经典","v": "经典"},
            {“n”：“乡村”，“v”：“乡村”}，
            {“n”：“”，“v”：“记录”}，
            {"n": "商战","v": "商战"},
            {"n": "犯罪","v": "犯罪"},
            {"n": "网剧","v": "网剧"},
            {"n": "其他","v": "其他"}
          ]},
        {
          “关键”：“区域”，
          “名称”：“地区”，
          “价值”： [
            {"n": "全部","v": ""},
            {"n": "内地","v": "内地"},
            {"n": "韩国","v": "韩国"},
            {"n": "香港","v": "香港"},
            {"n": "台湾","v": "台湾"},
            {"n": "日本","v": "日本"},
            {"n": "美国","v": "美国"},
            {"n": "泰国","v": "泰国"},
            {"n": "英国","v": "英国"},
            {"n": "新加坡","v": "新加坡"},
            {"n": "其他","v": "其他"}
          ]},
        {
          “键”：“朗”，
          "name": "语言",
          “价值”： [
            {"n": "全部","v": ""},
            {"n": "国语","v": "国语"},
            {"n": "英语","v": "英语"},
            {"n": "粤语","v": "粤语"},
            {"n": "闽南语","v": "闽南语"},
            {"n": "韩语","v": "韩语"},
            {"n": "日语","v": "日语"},
            {"n": "其他","v": "其他"}
          ]},
        {
          “键”：“年”，
          “名称”：“年份”，
          “价值”： [
            {"n": "全部","v": ""},
            {“n”：“2022”，“v”：“2022”}，
            {“n”：“2021”，“v”：“2021”}，
            {“n”：“2020”，“v”：“2020”}，
            {“n”：“2019”，“v”：“2019”}，
            {“n”：“2018”，“v”：“2018”}，
            {“n”：“2017”，“v”：“2017”}，
            {“n”：“2016”，“v”：“2016”}，
            {“n”：“2015”，“v”：“2015”}，
            {“n”：“2014”，“v”：“2014”}，
            {“n”：“2013”​​，“v”：“2013”​​}，
            {“n”：“2012”，“v”：“2012”}，
            {“n”：“2011”，“v”：“2011”}，
            {“n”：“2010”，“v”：“2010”}，
            {“n”：“2009”，“v”：“2009”}，
            {“n”：“2008”，“v”：“2008”}
          ]},
        {
          “关键”：“通过”，
          "name": "示例",
          “价值”： [
            {"n": "全部","v": ""},
            {"n": "时间示例","v": "时间"},
            {"n": "热门示例","v": "hits"},
            {"n": "评分示例","v": "score"}
          ]}
      ],
      “宗义”：[
        {
          "key": "cateId",
          "名称": "类型",
          “价值”： [
            {"n": "全部类型","v": ""},
            {"n": "大陆综艺","v": "daluzongyi"},
            {"n": "港台综艺","v": "gangtaizonyi"},
            {"n": "日韩综艺","v": "rihanzongyi"},
            {"n": "欧美综艺","v": "欧美综艺"},
            {"n": "其他综艺","v": "qitazonyi"}
          ]},
        {
          “键”：“类”，
          “名称”：“剧情”，
          “价值”： [
            {"n": "全部剧情","v": ""},
            {"n": "选秀","v": "选秀"},
            {"n": "情绪","v": "情绪"},
            {"n": "访谈","v": "访谈"},
            {"n": "播报","v": "播报"},
            {"n": "旅游","v": "旅游"},
            {"n": "音乐","v": "音乐"},
            {"n": "美食","v": "美食"},
            {"n": "纪实","v": "奇幻"},
            {"n": "曲艺","v": "曲艺"},
            {“n”：“生活”，“v”：“生活”}，
            {"n": "游戏互动","v": "互动游戏"},
            {"n": "财经","v": "财经"},
            {"n":"女佣","v":"女佣"}
          ]},
        {
          “关键”：“区域”，
          “名称”：“地区”，
          “价值”： [
            {"n": "全部","v": ""},
            {"n": "内地","v": "内地"},
            {"n": "香港","v": "香港"},
            {"n": "港台","v": "港台"},
            {"n": "台湾","v": "台湾"},
            {"n": "日本","v": "日本"},
            {"n": "韩国","v": "韩国"},
            {"n": "欧美","v": "欧美"},
            {"n": "其他","v": "其他"}
          ]},
        {
          “键”：“朗”，
          "name": "语言",
          “价值”： [
            {"n": "全部","v": ""},
            {"n": "普通话","v": "普通话"},
            {"n": "英语","v": "英语"},
            {"n": "粤语","v": "粤语"},
            {"n": "闽南语","v": "闽南语"},
            {"n": "韩语","v": "韩语"},
            {"n": "日语","v": "日语"},
            {"n": "其它","v": "其它"}
          ]},
        {
          “键”：“年”，
          “名称”：“年份”，
          “价值”： [
            {"n": "全部","v": ""},
            {“n”：“2022”，“v”：“2022”}，
            {“n”：“2021”，“v”：“2021”}，
            {“n”：“2020”，“v”：“2020”}，
            {“n”：“2019”，“v”：“2019”}，
            {“n”：“2018”，“v”：“2018”}，
            {“n”：“2017”，“v”：“2017”}，
            {“n”：“2016”，“v”：“2016”}，
            {“n”：“2015”，“v”：“2015”}，
            {“n”：“2014”，“v”：“2014”}，
            {“n”：“2013”​​，“v”：“2013”​​}，
            {“n”：“2012”，“v”：“2012”}，
            {“n”：“2011”，“v”：“2011”}，
            {“n”：“2010”，“v”：“2010”}，
            {“n”：“2009”，“v”：“2009”}，
            {“n”：“2008”，“v”：“2008”}
          ]},
        {
          “关键”：“通过”，
          "name": "示例",
          “价值”： [
            {"n": "全部","v": ""},
            {"n": "时间示例","v": "时间"},
            {"n": "热门示例","v": "hits"},
            {"n": "评分示例","v": "score"}
          ]}
      ],
      “东曼”：[
        {
          "key": "cateId",
          "名称": "类型",
          “价值”： [
            {"n": "全部类型","v": ""},
            {"n": "国产动漫","v": "国货东曼"},
            {"n": "日韩动漫","v": "rihandongman"},
            {"n": "欧美动漫","v": "欧梅东曼"},
            {"n": "其他动漫","v": "qitadongman"}
          ]},
        {
          “键”：“类”，
          “名称”：“剧情”，
          “价值”： [
            {"n": "全部剧情","v": ""},
            {"n": "情绪","v": "情绪"},
            {"n": "传奇","v": "传奇"},
            {"n": "热血","v": "热血"},
            {"n": "推理","v": "推理"},
            {“n”：“搞笑”，“v”：“搞笑”}，
            {"n": "冒险","v": "冒险"},
            {"n": "萝莉","v": "萝莉"},
            {“n”：“校园”，“v”：“校园”}，
            {"n": "活动","v": "活动"},
            {"n": "机战","v": "机战"},
            {"n": "运动","v": "运动"},
            {"n": "战争","v": "战争"},
            {"n": "少年","v": "少年"},
            {"n": "少女","v": "少女"},
            {"n": "社会","v": "社会"},
            {"n": "原创","v": "原创"},
            {"n": "亲子","v": "亲子"},
            {"n": "益智","v": "益智"},
            {"n": "励志","v": "励志"},
            {"n": "其他","v": "其他"}
          ]},
        {
          “关键”：“区域”，
          “名称”：“地区”，
          “价值”： [
            {"n": "全部","v": ""},
            {"n": "内地","v": "内地"},
            {"n": "日本","v": "日本"},
            {"n": "欧美","v": "欧美"},
            {"n": "其他","v": "其他"}
          ]},
        {
          “键”：“朗”，
          "name": "语言",
          “价值”： [
            {"n": "全部","v": ""},
            {"n": "国语","v": "国语"},
            {"n": "英语","v": "英语"},
            {"n": "粤语","v": "粤语"},
            {"n": "闽南语","v": "闽南语"},
            {"n": "韩语","v": "韩语"},
            {"n": "日语","v": "日语"},
            {"n": "其它","v": "其它"}
          ]},
        {
          “键”：“年”，
          “名称”：“年份”，
          “价值”： [
            {"n": "全部","v": ""},
            {“n”：“2022”，“v”：“2022”}，
            {“n”：“2021”，“v”：“2021”}，
            {“n”：“2020”，“v”：“2020”}，
            {“n”：“2019”，“v”：“2019”}，
            {“n”：“2018”，“v”：“2018”}，
            {“n”：“2017”，“v”：“2017”}，
            {“n”：“2016”，“v”：“2016”}，
            {“n”：“2015”，“v”：“2015”}，
            {“n”：“2014”，“v”：“2014”}，
            {“n”：“2013”​​，“v”：“2013”​​}，
            {“n”：“2012”，“v”：“2012”}，
            {“n”：“2011”，“v”：“2011”}，
            {“n”：“2010”，“v”：“2010”}，
            {“n”：“2009”，“v”：“2009”}，
            {“n”：“2008”，“v”：“2008”}
          ]},
        {
          “关键”：“通过”，
          "name": "示例",
          “价值”： [
            {"n": "全部","v": ""},
            {"n": "时间示例","v": "时间"},
            {"n": "热门示例","v": "hits"},
            {"n": "评分示例","v": "score"}
          ]}
      ],
      “吉鲁番”：[
        {
          “键”：“类”，
          “名称”：“剧情”，
          “价值”： [
            {"n": "全部剧情","v": ""},
            {“n”：“人物”，“v”：“人物”}，
            {"n": "军事","v": "军事"},
            {"n": "历史","v": "历史"},
            {"n": "文化","v": "文化"},
            {"n": "探索","v": "探索"},
            {"n": "科技","v": "科技"},
            {"n": "自然","v": "自然"},
            {"n":"解密","v":"解密"},
            {"n": "其他","v": "其他"}
          ]},
        {
          “关键”：“区域”，
          “名称”：“地区”，
          “价值”： [
            {"n": "全部","v": ""},
            {"n": "内地","v": "内地"},
            {"n": "香港","v": "香港"},
            {"n": "台湾","v": "台湾"},
            {"n": "美国","v": "美国"},
            {"n": "韩国","v": "韩国"},
            {"n": "法国","v": "法国"},
            {"n": "英国","v": "英国"},
            {"n": "日本","v": "日本"},
            {"n": "德国","v": "德国"},
            {"n": "泰国","v": "泰国"},
            {"n": "印度","v": "印度"},
            {"n": "意大利","v": "意大利"},
            {"n": "西班牙","v": "西班牙"},
            {"n": "加拿大","v": "加拿大"},
            {"n": "其他","v": "其他"}
          ]},
        {
          “键”：“朗”，
          "name": "语言",
          “价值”： [
            {"n": "全部","v": ""},
            {"n": "普通话","v": "普通话"},
            {"n": "英语","v": "英语"},
            {"n": "粤语","v": "粤语"},
            {"n": "闽南语","v": "闽南语"},
            {"n": "韩语","v": "韩语"},
            {"n": "日语","v": "日语"},
            {"n": "法语","v": "法语"},
            {"n": "德国","v": "德国"},
            {"n": "其他","v": "其他"}
          ]},
        {
          “键”：“年”，
          “名称”：“年份”，
          “价值”： [
            {"n": "全部","v": ""},
            {“n”：“2022”，“v”：“2022”}，
            {“n”：“2021”，“v”：“2021”}，
            {“n”：“2020”，“v”：“2020”}，
            {“n”：“2019”，“v”：“2019”}，
            {“n”：“2018”，“v”：“2018”}，
            {“n”：“2017”，“v”：“2017”}，
            {“n”：“2016”，“v”：“2016”}，
            {“n”：“2015”，“v”：“2015”}，
            {“n”：“2014”，“v”：“2014”}，
            {“n”：“2013”​​，“v”：“2013”​​}，
            {“n”：“2012”，“v”：“2012”}，
            {“n”：“2011”，“v”：“2011”}，
            {“n”：“2010”，“v”：“2010”}，
            {“n”：“2009”，“v”：“2009”}，
            {“n”：“2008”，“v”：“2008”}
          ]},
        {
          “关键”：“通过”，
          "name": "示例",
          “价值”： [
            {"n": "全部","v": ""},
            {"n": "时间示例","v": "时间"},
            {"n": "热门示例","v": "hits"},
            {"n": "评分示例","v": "score"}
          ]}
      ]
    }
  }