﻿{
  "ua": "",
  "homeUrl": "https://www.paopaoshipin.com",
  "cateNode": "//div[contains(@class,'nav flex')]/a[contains(@href, 't')]",
  "cateName": "/div/text()",
  "cateId": "/@href",
  "cateIdR": "/t/(\\d+).html",
  "cateManual": {},
  "homeVodNode": "//div[contains(@class,'movie-list-item')]/a[contains(@target, '_top')]",
  "homeVodName": "/div/div[contains(@class, 'movie-title txtHide')]/text()",
  "homeVodId": "/@href",
  "homeVodIdR": "/v/(\\w+).html",
  "homeVodImg": "/div/div/@data-original",
  "homeVodImgR": "",
  "homeVodMark": "/div/div[contains(@class,'movie-rating cor4')]/text()",
  "cateUrl": "https://www.paopaoshipin.com/t/{cateId}/{catePg}.html",
  "cateVodNode": "//div[@class='mobile-main mobile-main-type']/div/div/div[2]/div/a",
  "cateVodName": "/div/div[contains(@class, 'movie-title txtHide')]/text()",
  "cateVodId": "/@href",
  "cateVodIdR": "/v/(\\w+).html",
  "cateVodImg": "/div/div/@data-original",
  "cateVodMark": "/div/div[contains(@class,'movie-rating cor4')]/text()",
  "dtUrl": "https://www.paopaoshipin.com/v/{vid}.html",
  "dtNode": "//body",
  "dtName": "//div[@class='movie-info']/h1/@title",
  "dtNameR": "",
  "dtImg": "//div[@class='poster']/img/@src",
  "dtImgR": "",
  "dtDesc": "//div[contains(@class,'summary detailsTxt')]/text()",
  "dtDescR": "",
  "dtFromNode": "//div[contains(@class,'swiper-wrapper')]/a",
  "dtFromName": "/text()",
  "dtFromNameR": "",
  "dtUrlNode": "//ul[contains(@class, 'content_playlist flex wrap')]",
  "dtUrlSubNode": "/li/a",
  "dtUrlId": "@href",
  "dtUrlIdR": "/p/(\\S+).html",
  "dtUrlName": "/text()",
  "dtUrlNameR": "",
  "playUrl": "https://www.paopaoshipin.com/p/{playUrl}.html",
  "playUa": "",
  "searchUrl": "https://www.paopaoshipin.com/search?wd={wd}",
  "scVodNode": "//div[contains(@class,'vod-search-list')]",
  "scVodName": "/div/div/div/div[1]/@title",
  "scVodId": "/div/a/@href",
  "scVodIdR": "/v/(\\w+).html",
  "scVodImg": "/div/a/div/@data-original",
  "scVodMark": "/div/div/div/div[3]/text()"
}