﻿{
  "author": "春风",
  "ua": "",
  "homeUrl": "https://www.rttks.com",
  "dcVipFlag": "true",
  "pCfgJs": "https://www.rttks.com/static/js/playerconfig.js",
  "pCfgJsR": "MacPlayerConfig.player_list=([\\w\\W]*?),MacPlayerConfig.downer_list=",
  "dcShow2Vip": {},
  "dcPlayUrl": "true",
  "cateManual": {
    "电影": "rrdy",
    "连续剧": "rrdsj",
    "动漫": "rrdm",
    "综艺": "rrzy",
    "纪录片": "rrjlp",
    "国产剧": "rrgcj",
    "香港剧": "rrxgj",
    "台湾剧": "rrtwj",
    "韩剧": "rrhgj",
    "日剧": "rrrbj",
    "海外剧": "rrhwj",
    "动作片": "rrdzp",
    "喜剧片": "rrxjp",
    "爱情片": "rraqp",
    "科幻片": "rrkhp",
    "恐怖片": "rrkbp",
    "剧情片": "rrjqp",
    "战争片": "rrzzp",
    "国漫": "rrdm/area/大陆",
    "日漫": "rrdm/area/日本",
    "韩漫": "rrdm/area/韩国",
    "美漫": "rrdm/area/美国",
    "英漫": "rrdm/area/英国",
    "法漫": "rrdm/area/法国"
  },
  "homeVodNode": "//div[@class='stui-vodlist__box']/a",
  "homeVodName": "/@title",
  "homeVodId": "/@href",
  "homeVodIdR": "https://www.rttks.com/rrtv/(\\w+).html",
  "homeVodImg": "/@data-original",
  "homeVodImgR": "",
  "homeVodMark": "/span[@class='pic-text text-right']/text()",
  "cateUrl": "https://www.rttks.com/rrtop/{cateId}/page/{catePg}.html",
  "cateVodNode": "//div[@class='stui-vodlist__box']/a",
  "cateVodName": "/@title",
  "cateVodId": "/@href",
  "cateVodIdR": "https://www.rttks.com/rrtv/(\\w+).html",
  "cateVodImg": "/@data-original",
  "cateVodImgR": "",
  "cateVodMark": "/span[@class='pic-text text-right']/text()",
  "dtUrl": "https://www.rttks.com/rrtv/{vid}.html",
  "dtNode": "//body",
  "dtName": "//div[@class='stui-content__thumb']/a/@title",
  "dtNameR": "",
  "dtImg": "//div[@class='stui-content__thumb']/a/img/@data-original",
  "dtImgR": "",
  "dtCate": "//span[contains(text(), '类型')]/parent::text()",
  "dtCateR": "",
  "dtYear": "",
  "dtYearR": "",
  "dtArea": "",
  "dtAreaR": "",
  "dtDirector": "//span[contains(text(), '导演')]/following-sibling::a/text()",
  "dtDirectorR": "",
  "dtActor": "//span[contains(text(), '主演')]/following-sibling::a/text()",
  "dtActorR": "",
  "dtDesc": "//span[contains(text(), '简介')]/following-sibling::/span/text()",
  "dtDescR": "",
  "dtFromNode": "//div[contains(@class,'stui-pannel__head')]/h3[@class='title']",
  "dtFromName": "/text()",
  "dtFromNameR": "",
  "dtUrlNode": "//ul[contains(@class,'stui-content__playlist')]",
  "dtUrlSubNode": "/li/a",
  "dtUrlId": "@href",
  "dtUrlIdR": "https://www.rttks.com/rrplay/(\\S+).html",
  "dtUrlName": "/text()",
  "dtUrlNameR": "",
  "playUrl": "https://www.rttks.com/rrplay/{playUrl}.html",
  "playUa": "",
  "searchUrl": "https://www.rttks.com/rrso.html?wd={wd}",
  "scVodNode": "//a[contains(@class,'v-thumb')]",
  "scVodName": "/@title",
  "scVodId": "/@href",
  "scVodIdR": "https://www.rttks.com/rrtv/(\\w+).html",
  "scVodImg": "/@data-original",
  "scVodMark": "/span[@class='pic-text text-right']/text()"
}