{
    "author": "匿名20220721",
    "ua": "Mozilla/5.0 (Android 12; Mobile; rv:68.0) Gecko/68.0 Firefox/99.0",
    "homeUrl": "https://shdy2.com/",
    "cateNode": "//section[contains(@class,'grid_box')]",
    "cateName": "/header/h3/text()",
    "cateId": "/header/a/@href",
    "cateIdR": "/list/(\\w+).html",
    "cateManual": {
        "电影": "1",
        "电视剧": "2",
        "动漫": "4"},
    "homeVodNode": "//div[@class='v_img']",
    "homeVodName": "/a/@title",
    "homeVodId": "/a/@href",
    "homeVodIdR": "/movie/(\\w+).html",
    "homeVodImg": "/a/img/@data-original",
    "homeVodMark": "/div[@class='v_note']/text()",
    "cateUrl": "https://shdy2.com/list/{cateId}-{catePg}.html",
    "cateVodNode": "//ul[@class='v_list']/li/div[@class='v_img']",
    "cateVodName": "/a/@title",
    "cateVodId": "/a/@href",
    "cateVodIdR": "/movie/(\\w+).html",
    "cateVodImg": "/a/img/@data-original",
    "cateVodMark": "/div[@class='v_note']/text()",
    "dtUrl": "https://shdy2.com/movie/{vid}.html",
    "dtNode": "//body",
    "dtName": "//section[contains(@class,'v_info_box')]/h1[1]/text()",
    "dtImg": "//section[contains(@class,'v_info')]/div[@class='m_background']/@style",
    "dtImgR": "background-image:url\\((\\S+)\\)",
    "dtCate": "//section[contains(@class,'v_info_box')]/p[1]/text()",
    "dtDesc": "//p[contains(@class,'show_part')]/text()",
    "dtFromNode": "//ul[@class='from_list']/li",
    "dtFromName": "/text()",
    "dtUrlNode": "//ul[@class='play_list' or @class='large_list']/li",
    "dtUrlSubNode": "/a",
    "dtUrlId": "@href",
    "dtUrlIdR": "/play/(\\S+).html",
    "dtUrlName": "/text()",
    "playUrl": "https://shdy2.com/play/{playUrl}.html",
    "searchUrl": "https://shdy2.com/search.php?searchword={wd}",
    "scVodNode": "//div[@class='v_img']",
    "scVodName": "/a/@title",
    "scVodId": "/a/@href",
    "scVodIdR": "/movie/(\\w+).html",
    "scVodImg": "/a/img/@data-original",
    "scVodMark": "/div[@class='v_note']/text()",
	"filter": 
	{
		"1": [
				  {
					"key": "cateId",
					"name": "类型",
					"value": 
					[
					  {"n": "全部","v": ""},
					  {"n": "喜剧","v": "6"},
					  {"n": "爱情","v": "7"},
					  {"n": "恐怖","v": "8"},
					  {"n": "动作","v": "9"},
					  {"n": "科幻","v": "10"},
					  {"n": "战争","v": "11"},
					  {"n": "犯罪","v": "12"},
					  {"n": "动画","v": "13"},
					  {"n": "奇幻","v": "14"},
					  {"n": "剧情","v": "15"},
					  {"n": "冒险","v": "16"},
					  {"n": "悬疑","v": "17"},
					  {"n": "惊悚","v": "18"},
					  {"n": "其它","v": "19"}
					  
					]
				  }
			 ],
		"2": [
				  {
					"key": "cateId",
					"name": "类型",
					"value": 
					[
					  {"n": "全部","v": ""},
					  {"n": "大陆","v": "20"},
					  {"n": "TVB","v": "21"},
					  {"n": "韩剧","v": "22"},
					  {"n": "美剧","v": "23"},
					  {"n": "日剧","v": "24"},
					  {"n": "英剧","v": "25"},
					  {"n": "台剧","v": "26"},
					  {"n": "其它","v": "27"}	  
					]
				  }
			 ],
		"4": [
				  {
					"key": "cateId",
					"name": "类型",
					"value": [
					  {"n": "全部","v": ""},
					  {"n": "搞笑","v": "38"},
					  {"n": "恋爱","v": "39"},
					  {"n": "热血","v": "40"},
					  {"n": "格斗","v": "41"},
					  {"n": "美少女","v": "42"},
					  {"n": "魔法","v": "43"},
					  {"n": "机战","v": "44"},
					  {"n": "校园","v": "45"},
					  {"n": "亲子","v": "46"},
					  {"n": "童话","v": "47"},
					  {"n": "冒险","v": "48"},
					  {"n": "真人","v": "49"},
					  {"n": "LOLI","v": "50"},
					  {"n": "其它","v": "51"}
					  
					]
				  }
			 ]	 
    }
	
}
