{
  "ua": "Mozilla/5.0 (iPhone; CPU iPhone OS 13_2_3 like Mac OS X) AppleWebKit/605.1.15 (KHTML, like Gecko) Version/13.0.3 Mobile/15E148 Safari/604.1",
  "homeUrl": "https://mozhatu.com",
  "cateNode": "//ul[@class='navbar-items swiper-wrapper']/li/a[contains(@href,'type')]",
  "cateName": "/@title",
  "cateId": "/@href",
  "cateIdR": "/index.php/vod/type/id/(\\d+).html",
  "cateManual": {},    
  "homeVodNode": "//a[@class='module-poster-item module-item']",
  "homeVodName": "/@title",
  "homeVodId": "/@href",
  "homeVodIdR": "/index.php/vod/detail/id/(\\w+).html",
  "homeVodImg": "//div[@class='module-item-pic']/img/@data-original",
  "homeVodImgR": "",
  "homeVodMark": "//div[@class='module-item-note']/text()",
  "cateUrl": "https://mozhatu.com/index.php/vod/show/id/{cateId}/page/{catePg}.html",
  "cateVodNode": "//a[@class='module-poster-item module-item']",
  "cateVodName": "/@title",
  "cateVodId": "/@href",
  "cateVodIdR": "/index.php/vod/detail/id/(\\w+).html",
  "cateVodImg": "//div[@class='module-item-pic']/img/@data-original",
  "cateVodImgR": "",
  "cateVodMark": "//div[@class='module-item-note']/text()",
  "dtUrl": "https://mozhatu.com/index.php/vod/detail/id/{vid}.html",
  "dtNode": "//div[@class='module-item-pic']/img[@class='ls-is-cached lazy lazyload']",
  "dtName": "/@alt",
  "dtNameR": "",
  "dtImg": "/@data-original",
  "dtImgR": "",
  "dtFromNode": "//div[@id='y-playList']/div/span",
  "dtFromName": "/text()",
  "dtFromNameR": "",
  "dtUrlNode": "//div[@class='module-play-list']",
  "dtUrlSubNode": "/div/a",
  "dtUrlId": "/@href",
  "dtUrlIdR": "",
  "dtUrlName": "/span/text()",
  "dtUrlNameR": "",
  "playUrl": "https://mozhatu.com{playUrl}",
  "playUa": "",
  "searchUrl": "https://mozhatu.com/index.php/ajax/suggest?mid=1&wd={wd}&limit=10",
  "scVodNode": "json:list",
  "scVodName": "name",
  "scVodId": "id",
  "scVodIdR": "",
  "scVodImg": "pic",
  "scVodMark": ""
}