{
  "name": "小强迷",// 找到真实网站列表分类地址和列表数组截取即可显示资源
  // 填网站链接
  "url": "http://xqmi.top",
  // 这个不用动，是个别网站播放需要请求头时才用到
  "User": "空",
  // 首页展示
  "shouye": "1",
  // 网站列表的分类
  "fenlei": "推荐热播$/index.php/vod/show/id/0/page/#电影$/index.php/vod/type/id/1/page/#电视剧$/index.php/vod/type/id/2/page/#综艺$/index.php/vod/type/id/3/page/#动漫$/index.php/vod/show/id/4/page/#动作片$/index.php/vod/show/id/6/page/#喜剧片$/index.php/vod/show/id/7/page/#爱情片$/index.php/vod/show/id/8/page/#科幻片$/index.php/vod/show/id/9/page/#恐怖片$/index.php/vod/show/id/10/page/#剧情片$/index.php/vod/show/id/11/page/#战争片$/index.php/vod/show/id/12/page/#国产剧$/index.php/vod/show/id/13/page/#港台剧$/index.php/vod/show/id/14/page/#日韩剧$/index.php/vod/show/id/15/page/#欧美剧$/index.php/vod/show/id/16/page/",
  // 网站翻页链接的后缀
  "houzhui": ".html",
  // 截取的列表数组是否需要二次截取，0不需要，1需要
  "shifouercijiequ": "0",
  // 二次截取前
  "jiequqian": "空",
  // 二次截取后
  "jiequhou": "空",
  // 截取的列表数组的前关键词,截取的关键词有 " 的用 \ 进行转义
  "jiequshuzuqian": "<li class=\"stui-vodlist__item\">",
  // 列表数组的后关键词
  "jiequshuzuhou": "</li>",
  // 列表中资源的图片前,后关键词,截取的关键词有 " 的用 \ 进行转义
  "tupianqian": "data-original=\"",
  "tupianhou": "\">",
  //列表中资源的标题前,后关键词,截取的关键词有 " 的用 \ 进行转义
  "biaotiqian": "title=\"",
  "biaotihou": "\"",
  // 列表中资源的详情页跳转链接前关键词,截取的关键词有 " 的用 \ 进行转义
  "lianjieqian": "href=\"",
  "lianjiehou": "\"",
  // 搜索部分基本不用动，现在网站基本都是苹果CMS，所有搜索是固定的。/vodsearch/-------------.html?wd=
  "sousuoqian": "/index.php/ajax/suggest?mid=1&wd=",
  "sousuohou": "&limit=500",
  // 搜索页影片跳转详情页的中间标识链接部分
  "sousuohouzhui": "/index.php/vod/detail/id/",
  "ssmoshi": "0",
  "sousuoshifouercijiequ": "0",
  "jspic": "pic",
  "jsname": "name",
  "jsid": "id",
  "ssjiequqian": "空",
  "ssjiequhou": "空",
  "ssjiequshuzuqian": "空",
  "ssjiequshuzuhou": "空",
  "sstupianqian": "空",
  "sstupianhou": "空",
  "ssbiaotiqian": "空",
  "ssbiaotihou": "空",
  "sslianjieqian": "空",
  "sslianjiehou": "空",
  "bfshifouercijiequ": "0",
  "bfjiequqian": "空",
  "bfjiequhou": "空",
  // 播放截取的列表数组的前,后关键词
  "bfjiequshuzuqian": "<ul class=\"stui-content__playlist clearfix\">",
  "bfjiequshuzuhou": "</ul>",
  // 详情页状态,导演,主演,简介关键词
  "zhuangtaiqian": "状态：</span>",
  "zhuangtaihou": "</p>",
  "daoyanqian": "导演：</span>",
  "daoyanhou": "</p>",
  "zhuyanqian": "主演：</span>",
  "zhuyanhou": "</p>",
  "juqingqian": "简介：</span>",
  "juqinghou": "</a>",
  // 截取的播放列表数组是否需要二次截取，0不需要，1需要
  "bfyshifouercijiequ": "0",
  "bfyjiequqian": "空",
  "bfyjiequhou": "空",
  // 播放剧集数组前,后关键词
  "bfyjiequshuzuqian": "<a",
  "bfyjiequshuzuhou": "/a>",
  // 播放剧集标题前,后关键词
  "bfbiaotiqian": ">",
  "bfbiaotihou": "<",
  // 播放剧集链接前,后关键词
  "bflianjieqian": "href=\"",
  "bflianjiehou": "\""
}
