﻿{
  "ua": "",
  "homeUrl": "https://v.xuangz.cn/",
  "cateNode": "//ul[@class='nav navbar-nav']/li/a[contains(@href,'whole') and not(contains(@href, '5'))]",
  "cateName": "/text()",
  "cateId": "/@href",
  "cateIdR": "/whole(\\S+).html",
  "cateManual": {},
  "homeVodNode": "//div[@class='movie-item-in']",
  "homeVodName": "/div/h1/a/text()",
  "homeVodId": "/div/h1/a/@href",
  "homeVodIdR": "/show(\\S+).html",
  "homeVodImg": "/a/img/@src",
  "homeVodImgR": "",
  "homeVodMark": "",
  "cateUrl": "https://v.xuangz.cn/whole/{cateId}_______0_addtime_{catePg}.html",
  "cateVodNode": "//div[@class='movie-item-in']",
  "cateVodName": "/div/h1/a/text()",
  "cateVodId": "/div/h1/a/@href",
  "cateVodIdR": "/show(\\S+).html",
  "cateVodImg": "/a/img/@src",
  "cateVodImgR": "",
  "cateVodMark": "",
  "dtUrl": "https://v.xuangz.cn/show/{vid}.html",
  "dtNode": "//div[@class='row']",
  "dtName": "/div/h1/text()",
  "dtNameR": "",
  "dtImg": "/div/div/div[1]/img/@src",
  "dtImgR": "",
  "dtCate": "/div/div/div[2]/table/tbody/tr[3]/td[2]/a/text()",
  "dtCateR": "",
  "dtYear": "div/div/div[2]/table/tbody/tr[6]/td[2]/a/text()",
  "dtYearR": "",
  "dtArea": "/div/div/div[2]/table/tbody/tr[4]/td[2]/a/text()",
  "dtAreaR": "",
  "dtMark": "/div/div/div[2]/table/tbody/tr[7]/td[2]/text()",
  "dtMarkR": "",
  "dtActor": "/div/div/div[2]/table/tbody/tr[2]/td[2]/a/text()",
  "dtActorR": "",
  "dtDirector": "/div/div/div[2]/table/tbody/tr[1]/td[2]/a/text()",
  "dtDirectorR": "",
  "dtDesc": "/div/div[2]/div[2]/p/span//span/text()",
  "dtDescR": "",
  "dtFromNode": "//ul[@id='tvTabs']/li/a",
  "dtFromName": "/text()",
  "dtFromNameR": "",
  "dtUrlNode": "//div[@class='row tv-js-list']",
  "dtUrlSubNode": "/div/a",
  "dtUrlId": "/@href",
  "dtUrlIdR": "/play(\\S+).html",
  "dtUrlName": "/text()",
  "dtUrlNameR": "",
  "playUrl": "https://v.xuangz.cn//play/{playUrl}.html",
  "playUa": "",
  "searchUrl": "https://v.xuangz.cn/?c=search&wd={wd}",
  "scVodNode": "//div[@class='movie-item-in']",
  "scVodName": "/a/@title",
  "scVodId": "/div/h1/a/@href",
  "scVodIdR": "/show/(\\S+).html",
  "scVodImg": "/a/img/@src",
  "scVodMark": "/a/span/text()"
}