{
	////div[contains(@class,'MacPlayer embed-responsive')]//td/iframe/@src
	//https://player.6080kan.cc/player/play.php?url=pRoo00oE5lRo000oo000oijkVkkVIx56G4lvcm6r3SRSHdjeFIJDvklzOo000osHoo00o4k7OqPOoCFw2xRxNlGxQrUjU2YAH0LGbCBaZo000ojXxMEo000orisbUo000ornxQP1Ny8O0O0O
	"author": "匿名20220725",
	"ua": "Mozilla/5.0 (Android 12; Mobile; rv:68.0) Gecko/68.0 Firefox/99.0",
    // 首页地址 用于获取 分类和首页推荐
	"homeUrl": "https://www.smdyy.cc",
    // 分类节点
	"cateNode": "//ul[contains(@class,'stui-header__menu')]/li/a[contains(@href, '.html')]",
    // 分类名
	"cateName": "/text()",
    // 分类id
	"cateId": "/@href",
    // 分类id二次处理正则
	"cateIdR": "/list/(\\d+).html",
    // 手动设置分类，如果手动设置了分类则不使用上面的分类xpath获取分类  例如 "cateManual": {"电影": "1", "电视剧": "2"},
	"cateManual": {},
    // 首页推荐视频的节点
	"homeVodNode": "//ul[contains(@class,'stui-vodlist')]/li",
    // 首页推荐视频的名称
	"homeVodName": "/div/a/@title",
    // 二次处理正则
    "homeVodNameR": "",
    // 首页推荐视频的id
	"homeVodId": "/div/a/@href",
    // 二次处理正则
	"homeVodIdR": "/kan/(\\w+).html",
    // 首页推荐视频的图片
	"homeVodImg": "/div/a/@data-original",
    // 二次处理正则
    "homeVodImgR": "",
    // 首页推荐视频的简介
	"homeVodMark": "/div/a/span/text()",
    // 二次处理正则
    "homeVodMarkR": "",
	
    // 分类页地址 {cateId} 分类id {catePg} 当前页
	"cateUrl": "https://www.smdyy.cc/list/{cateId}-{catePg}.html",
    // 同上面的homeVod字段 分类列表中的视频信息
	"cateVodNode": "//ul[contains(@class,'stui-vodlist')]/li",
	"cateVodName": "/div/a/@title",
	"cateVodId": "/div/a/@href",
	"cateVodIdR": "/kan/(\\w+).html",
	"cateVodImg": "/div/a/@data-original",
	"cateVodMark": "/div/a/span/text()",
	
    // 详情页地址 用于获取详情页信息 及 播放列表和地址
	"dtUrl": "https://www.smdyy.cc/kan/{vid}.html",
    // 详情节点
	"dtNode": "//body",
    // 视频名
	"dtName": "//div[contains(@class,'stui-content__detail')]/h1/text()",
	"dtNameR": "",
    // 视频图片
	"dtImg": "//div[contains(@class,'stui-content__thumb')]/a/img/@src",
	"dtImgR": "",
    // 视频分类
	"dtCate": "//div[contains(@class,'stui-content__detail')]/p[contains(text(),'类型')]/text()",
	"dtCateR": "",
    // 视频年份
	"dtYear": "",
	"dtYearR": "",
    // 视频地区
	"dtArea": "",
	"dtAreaR": "",
    // 视频状态
	"dtMark": "",
	"dtMarkR": "",
    // 主演
	"dtActor": "//div[contains(@class,'stui-content__detail')]/p[contains(text(),'主演')]/text()",
	"dtActorR": "",
    // 导演
	"dtDirector": "//div[contains(@class,'stui-content__detail')]/p[contains(text(),'导演')]/text()",
	"dtDirectorR": "",
    // 视频简介
	"dtDesc": "//div[contains(@class,'stui-content__detail')]//span[@class='detail-content']/text()",
	"dtDescR": "",
    // 播放源节点
	"dtFromNode": "//div[contains(@class,'stui-pannel__head clearfix')]/h3[contains(@class,'icon-iconfontplay2')]",
    // 播放源名称
	"dtFromName": "/text()",
    // 二次处理正则
	"dtFromNameR": "",
    // 播放列表节点
	"dtUrlNode": "//ul[contains(@class,'stui-content__playlist')]",
    // 播放地址节点
	"dtUrlSubNode": "/li/a",
    // 播放地址
	"dtUrlId": "@href",
    // 二次处理正则
	"dtUrlIdR": "/play/(\\S+).html",
    // 剧集名称
	"dtUrlName": "/text()",
    // 二次处理正则
	"dtUrlNameR": "",
    // 播放页面的地址 {playUrl} 对应上面 dtUrlId 获取到的地址
	"playUrl": "https://www.smdyy.cc/play/{playUrl}.html",
    // 解析webview的user-agent
	"playUa": "",
	
	
    // 搜索地址
	"searchUrl": "https://www.smdyy.cc/search.html?wd={wd}",
    // 同上面的homeVod字段 搜索结果中的视频信息, 这里有对苹果cms suggest搜索接口的特殊支持，参考示例中的极品影视
	"scVodNode": "//ul[contains(@class,'stui-vodlist')]/li",
	"scVodName": "/div/a/@title",
	"scVodId": "/div/a/@href",
	"scVodIdR": "/kan/(\\w+).html",
	"scVodImg": "/div/a/@data-original",
	"scVodMark": "/div/a/span/text()"
}
