{
  "author":"张弘20220731",
  "name": "影视工厂〔时间排序〕",
  "url": "https://www.ysgc.tv",
//"url": "https://www.ysgc.cc",
  "User": "空",
  "shouye": "1",
  "fenlei": "奈飞电影$/vodshow/1--time-Netflix-----#奈飞电视剧$/vodshow/2--time-Netflix-----#奈飞动漫$/vodshow/4---Netflix-----#电视剧$/vodshow/2--time------#电影$/vodshow/1--time------#综艺$/vodshow/3--time------#动漫$/vodshow/4--time------#国产电视剧$/vodshow/2-内地-time------#国产电影$/vodshow/1-内地-time------#香港电视剧$/vodshow/2-香港-time------#香港电影$/vodshow/1-香港-time------#台湾电视剧$/vodshow/2-台湾-time------#台湾电影$/vodshow/1-台湾-time------#美国电视剧$/vodshow/2-美国-time------#美国电影$/vodshow/1-美国-time------#日本电视剧$/vodshow/2-日本-time------#日本电影$/vodshow/1-日本-time------#韩国电视剧$/vodshow/2-韩国-time------#韩国电影$/vodshow/1-韩国-time------#英国电视剧$/vodshow/2-英国-time------#英国电影$/vodshow/1-英国-time------#法国电视剧$/vodshow/2-法国-time------#法国电影$/vodshow/1-法国-time------#德国电视剧$/vodshow/2-德国-time------#德国电影$/vodshow/1-德国-time------#印度电视剧$/vodshow/2-印度-time------#印度电影$/vodshow/1-印度-time------#泰国电视剧$/vodshow/2-泰国-time------#泰国电影$/vodshow/1-泰国-time------#其他电视剧$/vodshow/2-其他-time------#丹麦电影$/vodshow/1-丹麦-time------#瑞典电影$/vodshow/1-瑞典-time------#巴西电影$/vodshow/1-巴西-time------#加拿大电影$/vodshow/1-加拿大-time------#俄罗斯电影$/vodshow/1-俄罗斯-time------#意大利电影$/vodshow/1-意大利-time------#比利时电影$/vodshow/1-比利时-time------#爱尔兰电影$/vodshow/1-爱尔兰-time------#西班牙电影$/vodshow/1-西班牙-time------#澳大利亚电影$/vodshow/1-澳大利亚-time------#战争电视剧$/vodshow/2--time-战争-----#战争影片$/vodshow/1--time-战争-----#丧尸电视剧$/vodshow/2--time-丧尸-----#丧尸影片$/vodshow/1--time-丧尸-----#仙侠电视剧$/vodshow/2--time-仙侠-----#仙侠影片$/vodshow/1--time-仙侠-----#穿越电视剧$/vodshow/2--time-穿越-----#穿越影片$/vodshow/1--time-穿越-----#惊悚电视剧$/vodshow/2--time-惊悚-----#惊悚影片$/vodshow/1--time-惊悚-----#恐怖电视剧$/vodshow/2--time-恐怖-----#恐怖影片$/vodshow/1--time-恐怖-----#科幻电视剧$/vodshow/2--time-科幻-----#科幻影片$/vodshow/1--time-科幻-----#动作电视剧$/vodshow/2--time-动作-----#动作影片$/vodshow/1--time-动作-----#古装电视剧$/vodshow/2--time-古装-----#古装影片$/vodshow/1--time-古装-----#神话电视剧$/vodshow/2--time-神话-----#神话影片$/vodshow/1--time-神话-----#宫廷电视剧$/vodshow/2--time-宫廷-----#宫廷影片$/vodshow/1--time-宫廷-----#武侠电视剧$/vodshow/2--time-武侠-----#武侠影片$/vodshow/1--time-武侠-----#冒险电视剧$/vodshow/2--time-冒险-----#冒险影片$/vodshow/1--time-冒险-----#奇幻电视剧$/vodshow/2--time-奇幻-----#奇幻影片$/vodshow/1--time-奇幻-----#西部电视剧$/vodshow/2--time-西部-----#西部影片$/vodshow/1--time-西部-----#灾难电视剧$/vodshow/2--time-灾难-----#灾难影片$/vodshow/1--time-灾难-----#剧情电视剧$/vodshow/2--time-剧情-----#剧情影片$/vodshow/1--time-剧情-----#言情电视剧$/vodshow/2--time-言情-----#言情影片$/vodshow/1--time-言情-----#喜剧电视剧$/vodshow/2--time-喜剧-----#喜剧影片$/vodshow/1--time-喜剧-----#爱情电视剧$/vodshow/2--time-爱情-----#爱情影片$/vodshow/1--time-爱情-----#偶像电视剧$/vodshow/2--time-偶像-----#偶像影片$/vodshow/1--time-偶像-----#都市电视剧$/vodshow/2--time-都市-----#都市影片$/vodshow/1--time-都市-----#军旅电视剧$/vodshow/2--time-军旅-----#军旅影片$/vodshow/1--time-军旅-----#谍战电视剧$/vodshow/2--time-谍战-----#谍战影片$/vodshow/1--time-谍战-----#罪案电视剧$/vodshow/2--time-罪案-----#罪案影片$/vodshow/1--time-罪案-----#犯罪电视剧$/vodshow/2--time-犯罪-----#犯罪影片$/vodshow/1--time-犯罪-----#悬疑电视剧$/vodshow/2--time-悬疑-----#悬疑影片$/vodshow/1--time-悬疑-----#家庭电视剧$/vodshow/2--time-家庭-----#家庭影片$/vodshow/1--time-家庭-----#校园电视剧$/vodshow/2--time-校园-----#校园影片$/vodshow/1--time-校园-----#文艺电视剧$/vodshow/2--time-文艺-----#文艺影片$/vodshow/1--time-文艺-----#运动电视剧$/vodshow/2--time-运动-----#运动影片$/vodshow/1--time-运动-----#青春电视剧$/vodshow/2--time-青春-----#青春影片$/vodshow/1--time-青春-----#励志电视剧$/vodshow/2--time-励志-----#励志影片$/vodshow/1--time-励志-----#同性电视剧$/vodshow/2--time-同性-----#同性影片$/vodshow/1--time-同性-----#人性电视剧$/vodshow/2--time-人性-----#人性影片$/vodshow/1--time-人性-----#女性电视剧$/vodshow/2--time-女性-----#女性影片$/vodshow/1--time-女性-----#治愈电视剧$/vodshow/2--time-治愈-----#治愈影片$/vodshow/1--time-治愈-----#美食电视剧$/vodshow/2--time-美食-----#美食影片$/vodshow/1--time-美食-----#短片电视剧$/vodshow/2--time-短片-----#短片影片$/vodshow/1--time-短片-----#动画电视剧$/vodshow/2--time-动画-----#动画影片$/vodshow/1--time-动画-----#儿童电视剧$/vodshow/2--time-儿童-----#儿童影片$/vodshow/1--time-儿童-----#歌舞电视剧$/vodshow/2--time-歌舞-----#歌舞影片$/vodshow/1--time-歌舞-----#音乐电视剧$/vodshow/2--time-音乐-----#音乐影片$/vodshow/1--time-音乐-----#历史电视剧$/vodshow/2--time-历史-----#历史影片$/vodshow/1--time-历史-----#传记电视剧$/vodshow/2--time-传记-----#传记影片$/vodshow/1--time-传记-----#记录电视剧$/vodshow/2--time-记录-----#记录影片$/vodshow/1--time-记录-----#真人秀$/vodshow/2--time-真人秀-----#真人秀影片$/vodshow/1--time-真人秀-----#脱口秀$/vodshow/2--time-脱口秀-----#脱口秀影片$/vodshow/1--time-脱口秀-----#内地综艺$/vodshow/3-内地-time------#港台综艺$/vodshow/3-港台-time------#日韩综艺$/vodshow/3-日韩-time------#欧美综艺$/vodshow/3-欧美-time------#国产动漫$/vodshow/4-国产-time------#日本动漫$/vodshow/4-日本-time------#欧美动漫$/vodshow/4-欧美-time------#其他动漫$/vodshow/4-其他-------",
    "houzhui": "---.html",
    "shifouercijiequ": "1",
    "jiequqian": "class=\"myui-vodlist clearfix",
    "jiequhou": "class=\"myui-page",
    "jiequshuzuqian": "class=\"myui-vodlist__box",
    "jiequshuzuhou": "class=\"myui-vodlist__detail",
    "tupianqian": "original=\"",
    "tupianhou": "\"",
    "biaotiqian": "title=\"",
    "biaotihou": "\"",
    "fubiaotiqian": "text-right\">",
    "fubiaotihou": "<",
    "lianjieqian": "href=\"",
    "lianjiehou": "\"",
    "sousuoqian": "/vodsearch/",
    "sousuohou": "-------------.html",
    "sousuohouzhui": "/voddetail/",
    "ssmoshi": "1",
    "sousuoshifouercijiequ": "1",
    "jspic": "pic",
    "jsname": "name",
    "jsid": "id",
    "ssjiequqian": "class=\"myui-vodlist__media",
    "ssjiequhou": "</ul",
    "ssjiequshuzuqian": "class=\"thumb",
    "ssjiequshuzuhou": "class=\"detail",
    "sstupianqian": "data-original=\"",
    "sstupianhou": "\"",
    "ssbiaotiqian": "title=\"",
    "ssbiaotihou": "\"",
    "ssfubiaotiqian": "text-right\">",
    "ssfubiaotihou": "<",
    "sslianjieqian": "href=\"",
    "sslianjiehou": "\"",
    
    "xlshifouercijiequ": "1",
    "xljiequqian": "<ul class=\"nav nav-tabs",
    "xljiequhou": "</ul>",
    "xljiequshuzuqian": "<a",
    "xljiequshuzuhou": "/a>",
    "xlbiaotiqian": ">",
    "xlbiaotihou": "<",
    
    "bfshifouercijiequ": "0",
    "bfjiequqian": "空",
    "bfjiequhou": "空",
    "bfjiequshuzuqian": "id=\"playlist",
    "bfjiequshuzuhou": "</ul>",
    "zhuangtaiqian": "class=\"otherbox\">",
    "zhuangtaihou": "</p>",
    "daoyanqian": "导演：</span>",
    "daoyanhou": "</p>",
    "zhuyanqian": "主演：</span>",
    "zhuyanhou": "</p>",
    "juqingqian": "<span class=\"data\"",
    "juqinghou": "</span>",
    "bfyshifouercijiequ": "0",
    "bfyjiequqian": "空",
    "bfyjiequhou": "空",
    "bfyjiequshuzuqian": "<a",
    "bfyjiequshuzuhou": "/a>",
    "bfbiaotiqian": ">",
    "bfbiaotihou": "<",
    "bflianjieqian": "href=\"",
    "bflianjiehou": "\""
}