{
  "author":"张弘20220731",
  "name": "剧白白",
  "url": "https://www.jubaibai.cc",
  "tihuan": "cnzz.com",
  "User": "空",
  "shouye": "1",
  "fenlei": "奈飞影片$/vodshow/class/Netflix/id/dianying/page/#奈飞电视剧$/vodshow/class/Netflix/id/dianshiju/page/#奈飞综艺$/vodshow/class/Netflix/id/zongyi/page/#奈飞动漫$/vodshow/class/Netflix/id/dongman/page/#奈飞记录片$/vodshow/class/Netflix/id/jilupian/page/#电影$/vodshow/id/dianying/page/#电视剧$/vodshow/id/dianshiju/page/#综艺$/vodshow/id/zongyi/page/#动漫$/vodshow/id/dongman/page/#纪录片$/vodshow/id/jilupian/page/#国产电视剧$/vodshow/area/中国大陆/id/dianshiju/page#香港电视剧$/vodshow/area/中国香港/id/dianshiju/page#台湾电视剧$/vodshow/area/中国台湾/id/dianshiju/page#日本电视剧$/vodshow/area/日本/id/dianshiju/page#韩国电视剧$/vodshow/area/韩国/id/dianshiju/page#美国电视剧$/vodshow/area/美国/id/dianshiju/page#英国电视剧$/vodshow/area/英国/id/dianshiju/page#法国电视剧$/vodshow/area/法国/id/dianshiju/page#德国电视剧$/vodshow/area/德国/id/dianshiju/page#泰国电视剧$/vodshow/area/泰国/id/dianshiju/page#印度电视剧$/vodshow/area/印度/id/dianshiju/page#新加坡电视剧$/vodshow/area/新加坡/id/dianshiju/page#马来西亚电视剧$/vodshow/area/马来西亚/id/dianshiju/page#国产电影$/vodshow/area/中国大陆/id/dianying/page#香港电影$/vodshow/area/中国香港/id/dianying/page#台湾电影$/vodshow/area/中国台湾/id/dianying/page#日本电影$/vodshow/area/日本/id/dianying/page#韩国电影$/vodshow/area/韩国/id/dianying/page#美国电影$/vodshow/area/美国/id/dianying/page#英国电影$/vodshow/area/英国/id/dianying/page#法国电影$/vodshow/area/法国/id/dianying/page#德国电影$/vodshow/area/德国/id/dianying/page#泰国电影$/vodshow/area/泰国/id/dianying/page#印度电影$/vodshow/area/印度/id/dianying/page#新加坡电影$/vodshow/area/新加坡/id/dianying/page#马来西亚电影$/vodshow/area/马来西亚/id/dianying/page#加拿大电影$/vodshow/area/加拿大/id/dianying/page#西班牙电影$/vodshow/area/西班牙/id/dianying/page#俄罗斯电影$/vodshow/area/俄罗斯/id/dianying/page#其他电影$/vodshow/area/其他/id/dianying/page#爱情剧$/vodshow/class/爱情/id/dianshiju/page/#言情剧$/vodshow/class/言情/id/dianshiju/page/#都市剧$/vodshow/class/都市/id/dianshiju/page/#家庭剧$/vodshow/class/家庭/id/dianshiju/page/#纪录片$/vodshow/class/纪录片/id/dianshiju/page/#爱情电视剧$/vodshow/class/爱情/id/dianshiju/page/#言情电视剧$/vodshow/class/言情/id/dianshiju/page/#都市电视剧$/vodshow/class/都市/id/dianshiju/page/#家庭电视剧$/vodshow/class/家庭/id/dianshiju/page/#纪录影片$/vodshow/class/纪录影片/id/dianshiju/page/#战争电视剧$/vodshow/class/战争/id/dianshiju/page/#喜剧电视剧$/vodshow/class/喜剧/id/dianshiju/page/#古装电视剧$/vodshow/class/古装/id/dianshiju/page/#武侠电视剧$/vodshow/class/武侠/id/dianshiju/page/#偶像电视剧$/vodshow/class/偶像/id/dianshiju/page/#历史电视剧$/vodshow/class/历史/id/dianshiju/page/#悬疑电视剧$/vodshow/class/悬疑/id/dianshiju/page/#恐怖电视剧$/vodshow/class/恐怖/id/dianshiju/page/#动作电视剧$/vodshow/class/动作/id/dianshiju/page/#科幻电视剧$/vodshow/class/科幻/id/dianshiju/page/#剧情电视剧$/vodshow/class/剧情/id/dianshiju/page/#犯罪电视剧$/vodshow/class/犯罪/id/dianshiju/page/#奇幻电视剧$/vodshow/class/奇幻/id/dianshiju/page/#冒险电视剧$/vodshow/class/冒险/id/dianshiju/page/#惊悚电视剧$/vodshow/class/惊悚/id/dianshiju/page/#儿童电视剧$/vodshow/class/儿童/id/dianshiju/page/#喜剧影片$/vodshow/class/喜剧/id/dianying/page/#爱情影片$/vodshow/class/爱情/id/dianying/page/#恐怖影片$/vodshow/class/恐怖/id/dianying/page/#动作影片$/vodshow/class/动作/id/dianying/page/#科幻影片$/vodshow/class/科幻/id/dianying/page/#剧情影片$/vodshow/class/剧情/id/dianying/page/#战争影片$/vodshow/class/战争/id/dianying/page/#犯罪影片$/vodshow/class/犯罪/id/dianying/page/#动画影片$/vodshow/class/动画/id/dianying/page/#奇幻影片$/vodshow/class/奇幻/id/dianying/page/#武侠影片$/vodshow/class/武侠/id/dianying/page/#冒险影片$/vodshow/class/冒险/id/dianying/page/#悬疑影片$/vodshow/class/悬疑/id/dianying/page/#惊悚影片$/vodshow/class/惊悚/id/dianying/page/#古装影片$/vodshow/class/古装/id/dianying/page/#历史影片$/vodshow/class/历史/id/dianying/page/#运动影片$/vodshow/class/运动/id/dianying/page/#儿童影片$/vodshow/class/儿童/id/dianying/page/",
  "houzhui": ".html",
  "shifouercijiequ": "0",
  "jiequqian": "空",
  "jiequhou": "空",
  "jiequshuzuqian": "class=\"stui-vodlist__box\"",
  "jiequshuzuhou": "</a>",
  "tupianqian": "original=\"",
  "tupianhou": "\"",
  "biaotiqian": "title=\"",
  "biaotihou": "\"",
  "lianjieqian": "href=\"",
  "lianjiehou": "\"",
  "sousuoqian": "/index.php/ajax/suggest?mid=1&wd=",
  "sousuohou": "&limit=500",
  "sousuohouzhui": "/vod/",
  "ssmoshi": "0",
  "sousuoshifouercijiequ": "0",
  "jspic": "pic",
  "jsname": "name",
  "jsid": "id",
  "ssjiequqian": "空",
  "ssjiequhou": "空",
  "ssjiequshuzuqian": "空",
  "ssjiequshuzuhou": "空",
  "sstupianqian": "空",
  "sstupianhou": "空",
  "ssbiaotiqian": "空",
  "ssbiaotihou": "空",
  "sslianjieqian": "空",
  "sslianjiehou": "空",
  "xlshifouercijiequ": "0",
  "xljiequqian": "空",
  "xljiequhou": "空",
  "xljiequshuzuqian": "class=\"stui-vodlist__box\"",
  "xljiequshuzuhou": "</a>",
  "xlbiaotiqian": "title=\"",
  "xlbiaotihou": "\"",
  "bfshifouercijiequ": "0",
  "bfjiequqian": "空",
  "bfjiequhou": "空",
  "bfjiequshuzuqian": "class=\"stui-content__playlist sort-list",
  "bfjiequshuzuhou": "</ul>",
  "zhuangtaiqian": "class=\"data hidden-xs\">类型：",
  "zhuangtaihou": "</p>",
  "daoyanqian": "class=\"data\">导演：",
  "daoyanhou": "</p>",
  "zhuyanqian": "class=\"data\">主演：",
  "zhuyanhou": "</p>",
  "juqingqian": "style=\"display: none;\">",
  "juqinghou": "</span>",
  "bfyshifouercijiequ": "0",
  "bfyjiequqian": "空",
  "bfyjiequhou": "空",
  "bfyjiequshuzuqian": "<a",
  "bfyjiequshuzuhou": "/a>",
  "bfbiaotiqian": ">",
  "bfbiaotihou": "<",
  "bflianjieqian": "href=\"",
  "bflianjiehou": "\""
}