{
  "name": "小强迷",
  "url": "http://xqmi.top",
  "User": "空",
  "shouye": "1",
  "fenlei": "电影$/index.php/vod/show/by/time/id/1/page/#电视剧$/index.php/vod/show/by/time/id/2/page/#综艺$/index.php/vod/show/by/time/id/3/page/#动漫$/index.php/vod/show/by/time/id/4/page/#国产剧$/index.php/vod/show/by/time/id/13/page/#港台剧$/index.php/vod/show/by/time/id/14/page/#日韩剧$/index.php/vod/show/by/time/id/15/page/#欧美剧$/index.php/vod/show/by/time/id/16/page/#国产动漫$/index.php/vod/show/area/国产/by/time/id/4/page/#日本动漫$/index.php/vod/show/area/日本/by/time/id/4/page/#动作片$/index.php/vod/show/by/time/id/6/page/#喜剧片$/index.php/vod/show/by/time/id/7/page/#爱情片$/index.php/vod/show/by/time/id/8/page/#科幻片$/index.php/vod/show/by/time/id/9/page/#恐怖片$/index.php/vod/show/by/time/id/10/page/#剧情片$/index.php/vod/show/by/time/id/11/page/#战争片$/index.php/vod/show/by/time/id/12/page/",
  "houzhui": ".html",
  "shifouercijiequ": "0",
  "jiequqian": "空",
  "jiequhou": "空",
  "jiequshuzuqian": " lazyload\"",
  "jiequshuzuhou": "</a>",
  "tupianqian": "data-original=\"",
  "tupianhou": "\">",
  "biaotiqian": "title=\"",
  "biaotihou": "\"",
  "lianjieqian": "href=\"",
  "lianjiehou": "\"",

  //新版Biubiu参数：副标题 (不需要的话，就不填写或者删除副标题2个字段也可以。)
  "fubiaotiqian": "text-right\">",
  "fubiaotihou": "</span",

  "sousuoqian": "/index.php/ajax/suggest?mid=1&wd=",
  "sousuohou": "&limit=500",
  "sousuohouzhui": "/index.php/vod/detail/id/",
  "ssmoshi": "0",
  "sousuoshifouercijiequ": "0",
  "jspic": "pic",
  "jsname": "name",
  "jsid": "id",
  "ssjiequqian": "空",
  "ssjiequhou": "空",
  "ssjiequshuzuqian": "空",
  "ssjiequshuzuhou": "空",
  "sstupianqian": "空",
  "sstupianhou": "空",
  "ssbiaotiqian": "空",
  "ssbiaotihou": "空",
  "sslianjieqian": "空",
  "sslianjiehou": "空",
    "xlshifouercijiequ": "0",
    "xljiequqian": "",
    "xljiequhou": "",
    "xljiequshuzuqian": "class=\"title\"",
    "xljiequshuzuhou": "/h3>",
    "xlbiaotiqian": ">",
    "xlbiaotihou": "<",
  "bfshifouercijiequ": "0",
  "bfjiequqian": "空",
  "bfjiequhou": "空",
  "bfjiequshuzuqian": "class=\"stui-content__playlist",
  "bfjiequshuzuhou": "</ul>",

  "zhuangtaiqian": "状态：</span>",
  "zhuangtaihou": "</p>",
  "daoyanqian": "导演：</span>",
  "daoyanhou": "</p>",
  "zhuyanqian": "主演：</span>",
  "zhuyanhou": "</p>",
  "juqingqian": "简介：</span>",
  "juqinghou": "<a",

  "bfyshifouercijiequ": "0",
  "bfyjiequqian": "空",
  "bfyjiequhou": "空",
  "bfyjiequshuzuqian": "<a",
  "bfyjiequshuzuhou": "/a>",
  "bfbiaotiqian": ">",
  "bfbiaotihou": "<",
  "bflianjieqian": "href=\"",
  "bflianjiehou": "\""
}