{
  "Author": "zhao xiaoyun",
  "ua": "",
  "homeUrl": "https://www.1010dy.cc",
  "dcVipFlag": "true",
  "dcPlayUrl": "true",
  "cateNode": "//ul[contains(@class,'stui-header__menu type-slide')]/li/a[contains(@href, 'type') and not(contains(@href,'label'))]",
  "cateName": "/text()",
  "cateId": "/@href",
  "cateIdR": "/type/(\\d+)/",
  "cateManual": {"电影":"1",    "电视剧":"2",    "综艺":"4",    "动漫":"3"},
  "homeVodNode": "//div[contains(@class, 'padding-0')]//ul[contains(@class,'stui-vodlist')]/li//a[contains(@class,'stui-vodlist__thumb')]",
  "homeVodName": "/@title",
  "homeVodId": "/@href",
  "homeVodIdR": "/detail/(\\w+)/",
  "homeVodImg": "/@data-original",
  "homeVodImgR": "\\S+(http\\S+)",
  "homeVodMark": "/span[contains(@class,'pic-text')]/text()",
  "cateUrl": "https://www.1010dy.cc/show/{cateId}/area/{area}/class/{class}/lang/{lang}/year/{year}/by/{by}/page/{catePg}/", 
  "cateVodNode": "//ul[contains(@class,'stui-vodlist')]//li//a[contains(@class,'stui-vodlist__thumb')]",
  "cateVodName": "/@title",
  "cateVodId": "/@href",
  "cateVodIdR": "/detail/(\\w+)/",
  "cateVodImg": "/@data-original",
  "cateVodImgR": "\\S+(http\\S+)",
  "cateVodMark": "/span[contains(@class,'pic-text')]/text()",
  "dtUrl": "https://www.1010dy.cc/detail/{vid}/",
  "dtNode": "//div[contains(@class,'col-lg-wide-75')]",
  "dtName": "//div[@class='stui-content__thumb']/a[contains(@class,'stui-vodlist__thumb')]/@title",
  "dtNameR": "",
  "dtImg": "//div[@class='stui-content__thumb']/a[contains(@class,'stui-vodlist__thumb')]/img/@data-original",
  "dtImgR": "\\S+(http\\S+)",
  "dtCate": "//div[@class='stui-content__detail']//span[contains(@class,'text-muted') and contains(text(), '类型')]/following-sibling::*/text()",
  "dtCateR": "",
  "dtArea": "//div[@class='stui-content__detail']//span[contains(@class,'text-muted') and contains(text(), '地区')]/following-sibling::*/text()",
  "dtAreaR": "",
  "dtYear": "//div[@class='stui-content__detail']//span[contains(@class,'text-muted') and contains(text(), '年份')]/following-sibling::*/text()",
  "dtYearR": "",
  "dtActor": "//div[@class='stui-content__detail']//span[contains(@class,'text-muted') and contains(text(), '主演')]/following-sibling::*/text()",
  "dtActorR": "",
  "dtDirector": "//div[@class='stui-content__detail']//span[contains(@class,'text-muted') and contains(text(), '导演')]/following-sibling::*/text()",
  "dtDirectorR": "",
  "dtMark": "//div[@class='stui-content__detail']//span[contains(@class,'text-muted') and contains(text(), '更新')]/following-sibling::*/text()",
  "dtMarkR": "",
  "dtDesc": "//p[@class='col-pd']/text()",
  "dtDescR": "",
  "dtFromNode": "//h3[@class='title']",
  "dtFromName": "[substring-before(text(),'(')]",
  "dtFromNameR": "",
  "dtUrlNode": "//ul[contains(@class, 'stui-content__playlist clearfix')]",
  "dtUrlSubNode": "/li/a",
  "dtUrlId": "@href",
  "dtUrlIdR": "/play/(\\S+)/",
  "dtUrlName": "/text()",
  "dtUrlNameR": "",
  "playUrl": "https://www.1010dy.cc/play/{playUrl}/",
  "playUa": "",
  "searchUrl": "https://www.1010dy.cc/index.php/ajax/suggest?mid=1&wd={wd}&limit=10",
  "scVodNode": "json:list",
  "scVodName": "name",
  "scVodId": "id",
  "scVodIdR": "",
  "scVodImg": "pic",
  "scVodMark": "",
  "filter": {"1":[{"key":"class","name":"类型","value":[{"n":"全部","v":""},{"n":"喜剧","v":"喜剧"},{"n":"爱情","v":"爱情"},{"n":"恐怖","v":"恐怖"},{"n":"动作","v":"动作"},{"n":"科幻","v":"科幻"},{"n":"剧情","v":"剧情"},{"n":"战争","v":"战争"},{"n":"犯罪","v":"犯罪"},{"n":"灾难","v":"灾难"},{"n":"奇幻","v":"奇幻"},{"n":"悬疑","v":"悬疑"},{"n":"惊悚","v":"惊悚"},{"n":"冒险","v":"冒险"}]},{"key":"area","name":"地区","value":[{"n":"全部","v":""},{"n":"大陆","v":"大陆"},{"n":"香港","v":"香港"},{"n":"台湾","v":"台湾"},{"n":"美国","v":"美国"},{"n":"法国","v":"法国"},{"n":"英国","v":"英国"},{"n":"日本","v":"日本"},{"n":"韩国","v":"韩国"},{"n":"德国","v":"德国"},{"n":"泰国","v":"泰国"},{"n":"印度","v":"印度"},{"n":"其他","v":"其他"}]},{"key":"year","name":"年份","value":[{"n":"全部","v":""},{"n":"2022","v":"2022"},{"n":"2021","v":"2021"},{"n":"2020","v":"2020"},{"n":"2019","v":"2019"},{"n":"2018","v":"2018"},{"n":"2017","v":"2017"},{"n":"2016","v":"2016"},{"n":"2008","v":"2008"},{"n":"2000","v":"2000"},{"n":"1997","v":"1997"},{"n":"1980","v":"1980"}]},{"key":"by","name":"排序","value":[{"n":"时间","v":""},{"n":"人气","v":"hits"},{"n":"评分","v":"score"}]}],"2":[{"key":"class","name":"类型","value":[{"n":"全部","v":""},{"n":"国产","v":"国产"},{"n":"港台","v":"港台"},{"n":"日韩","v":"日韩"},{"n":"欧美","v":"欧美"},{"n":"海外","v":"海外"},{"n":"古装","v":"古装"},{"n":"战争","v":"战争"},{"n":"偶像","v":"偶像"},{"n":"犯罪","v":"犯罪"},{"n":"奇幻","v":"奇幻"},{"n":"剧情","v":"剧情"},{"n":"历史","v":"历史"},{"n":"网剧","v":"网剧"}]},{"key":"area","name":"地区","value":[{"n":"全部","v":""},{"n":"内地","v":"内地"},{"n":"韩国","v":"韩国"},{"n":"香港","v":"香港"},{"n":"台湾","v":"台湾"},{"n":"日本","v":"日本"},{"n":"美国","v":"美国"},{"n":"泰国","v":"泰国"},{"n":"英国","v":"英国"},{"n":"新加坡","v":"新加坡"},{"n":"其他","v":"其他"}]},{"key":"year","name":"年份","value":[{"n":"全部","v":""},{"n":"2022","v":"2022"},{"n":"2021","v":"2021"},{"n":"2020","v":"2020"},{"n":"2019","v":"2019"},{"n":"2018","v":"2018"},{"n":"2017","v":"2017"},{"n":"2016","v":"2016"},{"n":"2008","v":"2008"},{"n":"2000","v":"2000"},{"n":"1997","v":"1997"},{"n":"1980","v":"1980"}]},{"key":"lang","name":"语言","value":[{"n":"全部","v":""},{"n":"普通话","v":"普通话"},{"n":"英语","v":"英语"},{"n":"粤语","v":"粤语"},{"n":"闽南话","v":"闽南话"},{"n":"韩语","v":"韩语"},{"n":"日语","v":"日语"},{"n":"其它","v":"其它"}]},{"key":"by","name":"排序","value":[{"n":"时间","v":""},{"n":"人气","v":"hits"},{"n":"评分","v":"score"}]}],"4":[{"key":"class","name":"类型","value":[{"n":"全部","v":""},{"n":"真人秀","v":"真人秀"},{"n":"脱口秀","v":"脱口秀"},{"n":"选秀","v":"选秀"},{"n":"情感","v":"情感"},{"n":"访谈","v":"访谈"},{"n":"播报","v":"播报"},{"n":"旅游","v":"旅游"},{"n":"音乐","v":"音乐"},{"n":"美食","v":"美食"},{"n":"纪实","v":"纪实"},{"n":"舞蹈","v":"舞蹈"}]},{"key":"area","name":"地区","value":[{"n":"全部","v":""},{"n":"大陆","v":"大陆"},{"n":"香港","v":"香港"},{"n":"台湾","v":"台湾"},{"n":"日本","v":"日本"},{"n":"欧美","v":"欧美"},{"n":"韩国","v":"韩国"}]},{"key":"year","name":"年份","value":[{"n":"全部","v":""},{"n":"2022","v":"2022"},{"n":"2021","v":"2021"},{"n":"2020","v":"2020"},{"n":"2019","v":"2019"},{"n":"2018","v":"2018"},{"n":"2017","v":"2017"},{"n":"2016","v":"2016"},{"n":"2008","v":"2008"},{"n":"2000","v":"2000"},{"n":"1997","v":"1997"},{"n":"1980","v":"1980"}]},{"key":"lang","name":"语言","value":[{"n":"全部","v":""},{"n":"普通话","v":"普通话"},{"n":"英语","v":"英语"},{"n":"韩语","v":"韩语"},{"n":"日语","v":"日语"},{"n":"其他","v":"其他"}]},{"key":"by","name":"排序","value":[{"n":"时间","v":""},{"n":"人气","v":"hits"},{"n":"评分","v":"score"}]}],"3":[{"key":"class","name":"类型","value":[{"n":"全部","v":""},{"n":"科幻","v":"科幻"},{"n":"热血","v":"热血"},{"n":"推理","v":"推理"},{"n":"搞笑","v":"搞笑"},{"n":"冒险","v":"冒险"},{"n":"萝莉","v":"萝莉"},{"n":"校园","v":"校园"},{"n":"动作","v":"动作"},{"n":"机战","v":"机战"},{"n":"运动","v":"运动"},{"n":"战争","v":"战争"},{"n":"少年","v":"少年"},{"n":"少女","v":"少女"}]},{"key":"area","name":"地区","value":[{"n":"全部","v":""},{"n":"大陆","v":"大陆"},{"n":"日本","v":"日本"},{"n":"欧美","v":"欧美"},{"n":"海外","v":"海外"}]},{"key":"year","name":"年份","value":[{"n":"全部","v":""},{"n":"2022","v":"2022"},{"n":"2021","v":"2021"},{"n":"2020","v":"2020"},{"n":"2019","v":"2019"},{"n":"2018","v":"2018"},{"n":"2017","v":"2017"},{"n":"2016","v":"2016"},{"n":"2008","v":"2008"},{"n":"2000","v":"2000"},{"n":"1997","v":"1997"},{"n":"1980","v":"1980"}]},{"key":"lang","name":"语言","value":[{"n":"全部","v":""},{"n":"普通话","v":"普通话"},{"n":"英语","v":"英语"},{"n":"韩语","v":"韩语"},{"n":"日语","v":"日语"},{"n":"其他","v":"其他"}]},{"key":"by","name":"排序","value":[{"n":"时间","v":""},{"n":"人气","v":"hits"},{"n":"评分","v":"score"}]}]}}
}
