{
  "author": "wanjune",
  "ua": "Mozilla/5.0 (Macintosh; Intel Mac OS X 10_15_7) AppleWebKit/537.36 (KHTML, like Gecko) Chrome/103.0.5060.134 Safari/537.36",
  "homeUrl": "https://www.5dy6.cc",
  "dcVipFlag": "true",
  "pCfgJs": "https://www.5dy6.cc/static/js/playerconfig.js",
  "pCfgJsR": "[\\W|\\S|.]*?MacPlayerConfig.player_list[\\W|\\S|.]*?=([\\W|\\S|.]*?),MacPlayerConfig.downer_list",
  "dcShow2Vip": {},
  "dcPlayUrl": "true",
  "cateManual": {"动漫":"4","综艺":"3","剧集":"2","+国产":"13","+日韩":"44","+欧美":"45","+港台":"15","电影":"1"},
  "homeVodNode": "//div[@class='module-items  module-poster-items-base ']",
  "homeVodName": "/a/@title",
  "homeVodId": "/a/@href",
  "homeVodIdR": "/voddetail(\\S+).html",
  "homeVodImg": "/a//@data-original",
  "homeVodImgR": "\\S+(http\\S+)",
  "homeVodMark": "/a//div[@class='module-item-note']/text()",
  "cateUrl": "https://www.5dy6.cc/vodshow/{cateId}-{area}-{by}-{class}-----{catePg}---{year}.html",
  "cateVodNode": "//div[@class='module-items module-poster-items-base ']",
  "cateVodName": "/a/@title",
  "cateVodId": "/a/@href",
  "cateVodIdR": "/voddetail(\\S+).html",
  "cateVodImg": "/a//@data-original",
  "cateVodImgR": "\\S+(http\\S+)",
  "cateVodMark": "/a//div[@class='module-item-note']/text()",
  "dtUrl": "https://www.5dy6.cc/voddetail/{vid}.html",
  "dtNode": "//body",
  "dtName": "//div[@class='module-main']//div[@class='module-info-heading']/h1/text()",
  "dtNameR": "",
  "dtImg": "//div[@class='module-main']//div[@class='module-item-pic']/img/@data-original",
  "dtImgR": "",
  "dtCate": "//div[@class='module-info-tag']/div[3][contains(@class,'module-info-tag-link')]//a/text()",
  "dtCateR": "",
  "dtYear": "//div[@class='module-info-tag']/div[1][contains(@class,'module-info-tag-link')]//a/text()",
  "dtYearR": "",
  "dtArea": "//div[@class='module-info-tag']/div[2][contains(@class,'module-info-tag-link')]//a/text()",
  "dtAreaR": "",
  "dtMark": "",
  "dtMarkR": "",
  "dtActor": "//div[@class='module-main']//span[contains(@class,'module-info-item-title') and contains(text(), '主演')]/following-sibling::*/a/text()",
  "dtActorR": "",
  "dtDirector": "//div[@class='module-main']//span[contains(@class,'module-info-item-title') and contains(text(), '导演')]/following-sibling::*/a/text()",
  "dtDirectorR": "",
  "dtDesc": "//div[@class='module-main']//div[contains(@class,'module-info-introduction-content')]/p/text()",
  "dtDescR": "",
  "dtFromNode": "//div[@id='y-playList']/div[contains(@class,'module-tab-item') and contains(@class,'tab-item')]",
  "dtFromName": "/@data-dropdown-value",
  "dtFromNameR": "",
  "dtUrlNode": "//div[@class='module-play-list-content  module-play-list-base']",
  "dtUrlSubNode": "/a",
  "dtUrlId": "@href",
  "dtUrlIdR": "/vodplay/(\\S+).html",
  "dtUrlName": "/span/text()",
  "dtUrlNameR": "",
  "playUrl": "https://www.5dy6.cc/vodplay/{playUrl}.html",
  "playUa": "",
  "searchUrl": "https://www.5dy6.cc/index.php/ajax/suggest?mid=1&wd={wd}&limit=10",
  "scVodNode": "json:list",
  "scVodName": "name",
  "scVodId": "id",
  "scVodIdR": "",
  "scVodImg": "pic",
  "scVodMark": "",
  "filter": {
    "1": [
      {"key":"class","name":"类型","value":[{"n":"全部","v":""},
        {"n":"Netflix","v":"Netflix"},
        {"n":"仙侠","v":"仙侠"},
        {"n":"剧情","v":"剧情"},
        {"n":"科幻","v":"科幻"},
        {"n":"动作","v":"动作"},
        {"n":"喜剧","v":"喜剧"},
        {"n":"爱情","v":"爱情"},
        {"n":"冒险","v":"冒险"},
        {"n":"儿童","v":"儿童"},
        {"n":"歌舞","v":"歌舞"},
        {"n":"音乐","v":"音乐"},
        {"n":"奇幻","v":"奇幻"},
        {"n":"动画","v":"动画"},
        {"n":"恐怖","v":"恐怖"},
        {"n":"惊悚","v":"惊悚"},
        {"n":"丧尸","v":"丧尸"},
        {"n":"战争","v":"战争"},
        {"n":"传记","v":"传记"},
        {"n":"纪录","v":"纪录"},
        {"n":"犯罪","v":"犯罪"},
        {"n":"悬疑","v":"悬疑"},
        {"n":"西部","v":"西部"},
        {"n":"灾难","v":"灾难"},
        {"n":"古装","v":"古装"},
        {"n":"武侠","v":"武侠"},
        {"n":"家庭","v":"家庭"},
        {"n":"短片","v":"短片"},
        {"n":"校园","v":"校园"},
        {"n":"文艺","v":"文艺"},
        {"n":"运动","v":"运动"},
        {"n":"青春","v":"青春"},
        {"n":"同性","v":"同性"},
        {"n":"励志","v":"励志"},
        {"n":"人性","v":"人性"},
        {"n":"美食","v":"美食"},
        {"n":"女性","v":"女性"},
        {"n":"治愈","v":"治愈"},
        {"n":"历史","v":"历史"},
        {"n":"真人秀","v":"真人秀"},
        {"n":"脱口秀","v":"脱口秀"}
      ]},
      {"key":"area","name":"地区","value":[{"n":"全部","v":""},
        {"n":"大陆","v":"大陆"},
        {"n":"香港","v":"香港"},
        {"n":"台湾","v":"台湾"},
        {"n":"美国","v":"美国"},
        {"n":"日本","v":"日本"},
        {"n":"韩国","v":"韩国"},
        {"n":"英国","v":"英国"},
        {"n":"法国","v":"法国"},
        {"n":"德国","v":"德国"},
        {"n":"印度","v":"印度"},
        {"n":"泰国","v":"泰国"},
        {"n":"丹麦","v":"丹麦"},
        {"n":"瑞典","v":"瑞典"},
        {"n":"巴西","v":"巴西"},
        {"n":"加拿大","v":"加拿大"},
        {"n":"俄罗斯","v":"俄罗斯"},
        {"n":"意大利","v":"意大利"},
        {"n":"比利时","v":"比利时"},
        {"n":"爱尔兰","v":"爱尔兰"},
        {"n":"西班牙","v":"西班牙"},
        {"n":"澳大利亚","v":"澳大利亚"}
      ]},
      {"key":"year","name":"年份","value":[{"n":"全部","v":""},
        {"n":"2022","v":"2022"},{"n":"2021","v":"2021"},{"n":"2020","v":"2020"},{"n":"2019","v":"2019"},
        {"n":"2018","v":"2018"},{"n":"2017","v":"2017"},{"n":"2016","v":"2016"},{"n":"2015","v":"2015"},
        {"n":"2014","v":"2014"},{"n":"2013","v":"2013"},{"n":"2012","v":"2012"},{"n":"2011","v":"2011"}
      ]},
      {"key":"by","name":"排序","value":[{"n":"全部","v":""},{"n":"时间","v":"time"},{"n":"人气","v":"hits"},{"n":"评分","v":"score"}]}
    ],
    "2": [
      {"key":"class","name":"类型","value":[{"n":"全部","v":""},
        {"n":"Netflix","v":"Netflix"},
        {"n":"剧情","v":"剧情"},
        {"n":"丧尸","v":"丧尸"},
        {"n":"仙侠","v":"仙侠"},
        {"n":"穿越","v":"穿越"},
        {"n":"惊悚","v":"惊悚"},
        {"n":"恐怖","v":"恐怖"},
        {"n":"言情","v":"言情"},
        {"n":"科幻","v":"科幻"},
        {"n":"动作","v":"动作"},
        {"n":"喜剧","v":"喜剧"},
        {"n":"爱情","v":"爱情"},
        {"n":"偶像","v":"偶像"},
        {"n":"都市","v":"都市"},
        {"n":"军旅","v":"军旅"},
        {"n":"谍战","v":"谍战"},
        {"n":"罪案","v":"罪案"},
        {"n":"宫廷","v":"宫廷"},
        {"n":"冒险","v":"冒险"},
        {"n":"儿童","v":"儿童"},
        {"n":"歌舞","v":"歌舞"},
        {"n":"音乐","v":"音乐"},
        {"n":"奇幻","v":"奇幻"},
        {"n":"动画","v":"动画"},
        {"n":"战争","v":"战争"},
        {"n":"传记","v":"传记"},
        {"n":"记录","v":"记录"},
        {"n":"犯罪","v":"犯罪"},
        {"n":"悬疑","v":"悬疑"},
        {"n":"西部","v":"西部"},
        {"n":"灾难","v":"灾难"},
        {"n":"古装","v":"古装"},
        {"n":"武侠","v":"武侠"},
        {"n":"家庭","v":"家庭"},
        {"n":"短片","v":"短片"},
        {"n":"校园","v":"校园"},
        {"n":"文艺","v":"文艺"},
        {"n":"运动","v":"运动"},
        {"n":"青春","v":"青春"},
        {"n":"同性","v":"同性"},
        {"n":"励志","v":"励志"},
        {"n":"人性","v":"人性"},
        {"n":"美食","v":"美食"},
        {"n":"女性","v":"女性"},
        {"n":"治愈","v":"治愈"},
        {"n":"历史","v":"历史"},
        {"n":"真人秀","v":"真人秀"},
        {"n":"脱口秀","v":"脱口秀"}
      ]},
      {"key":"area","name":"地区","value":[{"n":"全部","v":""},
        {"n":"大陆","v":"大陆"},
        {"n":"香港","v":"香港"},
        {"n":"韩国","v":"韩国"},
        {"n":"美国","v":"美国"},
        {"n":"日本","v":"日本"},
        {"n":"法国","v":"法国"},
        {"n":"英国","v":"英国"},
        {"n":"德国","v":"德国"},
        {"n":"台湾","v":"台湾"},
        {"n":"泰国","v":"泰国"},
        {"n":"印度","v":"印度"},
        {"n":"其他","v":"其他"}
      ]},
      {"key":"year","name":"年份","value":[{"n":"全部","v":""},
        {"n":"2022","v":"2022"},{"n":"2021","v":"2021"},{"n":"2020","v":"2020"},{"n":"2019","v":"2019"},
        {"n":"2018","v":"2018"},{"n":"2017","v":"2017"},{"n":"2016","v":"2016"},{"n":"2015","v":"2015"},
        {"n":"2014","v":"2014"},{"n":"2013","v":"2013"},{"n":"2012","v":"2012"},{"n":"2011","v":"2011"}
      ]},
      {"key":"by","name":"排序","value":[{"n":"全部","v":""},{"n":"时间","v":"time"},{"n":"人气","v":"hits"},{"n":"评分","v":"score"}]}
    ],
    "3": [
      {"key":"class","name":"类型","value":[{"n":"全部","v":""},
        {"n":"YouTube","v":"YouTube"},
        {"n":"脱口秀","v":"脱口秀"},
        {"n":"真人秀","v":"真人秀"},
        {"n":"选秀","v":"选秀"},
        {"n":"八卦","v":"八卦"},
        {"n":"访谈","v":"访谈"},
        {"n":"情感","v":"情感"},
        {"n":"生活","v":"生活"},
        {"n":"晚会","v":"晚会"},
        {"n":"搞笑","v":"搞笑"},
        {"n":"音乐","v":"音乐"},
        {"n":"时尚","v":"时尚"},
        {"n":"游戏","v":"游戏"},
        {"n":"少儿","v":"少儿"},
        {"n":"体育","v":"体育"},
        {"n":"纪实","v":"纪实"},
        {"n":"科教","v":"科教"},
        {"n":"曲艺","v":"曲艺"},
        {"n":"歌舞","v":"歌舞"},
        {"n":"财经","v":"财经"},
        {"n":"汽车","v":"汽车"},
        {"n":"播报","v":"播报"},
        {"n":"其他","v":"其他"}
      ]},
      {"key":"area","name":"地区","value":[{"n":"全部","v":""},
        {"n":"大陆","v":"大陆"},
        {"n":"韩国","v":"韩国"},
        {"n":"香港","v":"香港"},
        {"n":"台湾","v":"台湾"},
        {"n":"美国","v":"美国"},
        {"n":"其它","v":"其它"}
      ]},
      {"key":"year","name":"年份","value":[{"n":"全部","v":""},
        {"n":"2022","v":"2022"},{"n":"2021","v":"2021"},{"n":"2020","v":"2020"},{"n":"2019","v":"2019"},
        {"n":"2018","v":"2018"},{"n":"2017","v":"2017"},{"n":"2016","v":"2016"},{"n":"2015","v":"2015"},
        {"n":"2014","v":"2014"},{"n":"2013","v":"2013"},{"n":"2012","v":"2012"},{"n":"2011","v":"2011"}
      ]},
      {"key":"by","name":"排序","value":[{"n":"全部","v":""},{"n":"时间","v":"time"},{"n":"人气","v":"hits"},{"n":"评分","v":"score"}]}
    ],
    "4": [
      {"key":"class","name":"类型","value":[{"n":"全部","v":""},
        {"n":"Netflix","v":"Netflix"},
        {"n":"热血","v":"热血"},
        {"n":"科幻","v":"科幻"},
        {"n":"美少女","v":"美少女"},
        {"n":"魔幻","v":"魔幻"},
        {"n":"经典","v":"经典"},
        {"n":"励志","v":"励志"},
        {"n":"少儿","v":"少儿"},
        {"n":"冒险","v":"冒险"},
        {"n":"搞笑","v":"搞笑"},
        {"n":"推理","v":"推理"},
        {"n":"恋爱","v":"恋爱"},
        {"n":"治愈","v":"治愈"},
        {"n":"幻想","v":"幻想"},
        {"n":"校园","v":"校园"},
        {"n":"动物","v":"动物"},
        {"n":"机战","v":"机战"},
        {"n":"亲子","v":"亲子"},
        {"n":"儿歌","v":"儿歌"},
        {"n":"运动","v":"运动"},
        {"n":"悬疑","v":"悬疑"},
        {"n":"怪物","v":"怪物"},
        {"n":"战争","v":"战争"},
        {"n":"益智","v":"益智"},
        {"n":"青春","v":"青春"},
        {"n":"童话","v":"童话"},
        {"n":"竞技","v":"竞技"},
        {"n":"动作","v":"动作"},
        {"n":"社会","v":"社会"},
        {"n":"友情","v":"友情"},
        {"n":"真人版","v":"真人版"},
        {"n":"电影版","v":"电影版"},
        {"n":"OVA版","v":"OVA版"},
        {"n":"TV版","v":"TV版"},
        {"n":"新番动画","v":"新番动画"},
        {"n":"完结动画","v":"完结动画"}
      ]},
      {"key":"area","name":"地区","value":[{"n":"全部","v":""},
        {"n":"大陆","v":"大陆"},
        {"n":"日本","v":"日本"},
        {"n":"欧美","v":"欧美"},
        {"n":"其他","v":"其他"}
      ]},
      {"key":"year","name":"年份","value":[{"n":"全部","v":""},
        {"n":"2022","v":"2022"},{"n":"2021","v":"2021"},{"n":"2020","v":"2020"},{"n":"2019","v":"2019"},
        {"n":"2018","v":"2018"},{"n":"2017","v":"2017"},{"n":"2016","v":"2016"},{"n":"2015","v":"2015"},
        {"n":"2014","v":"2014"},{"n":"2013","v":"2013"},{"n":"2012","v":"2012"},{"n":"2011","v":"2011"}
      ]},
      {"key":"by","name":"排序","value":[{"n":"全部","v":""},{"n":"时间","v":"time"},{"n":"人气","v":"hits"},{"n":"评分","v":"score"}]}
    ],
    "13": [
      {"key":"year","name":"年份","value":[{"n":"全部","v":""},
        {"n":"2022","v":"2022"},{"n":"2021","v":"2021"},{"n":"2020","v":"2020"},{"n":"2019","v":"2019"},
        {"n":"2018","v":"2018"},{"n":"2017","v":"2017"},{"n":"2016","v":"2016"},{"n":"2015","v":"2015"},
        {"n":"2014","v":"2014"},{"n":"2013","v":"2013"},{"n":"2012","v":"2012"},{"n":"2011","v":"2011"}
      ]},
      {"key":"by","name":"排序","value":[{"n":"全部","v":""},{"n":"时间","v":"time"},{"n":"人气","v":"hits"},{"n":"评分","v":"score"}]}
    ],
    "15": [
      {"key":"year","name":"年份","value":[{"n":"全部","v":""},
        {"n":"2022","v":"2022"},{"n":"2021","v":"2021"},{"n":"2020","v":"2020"},{"n":"2019","v":"2019"},
        {"n":"2018","v":"2018"},{"n":"2017","v":"2017"},{"n":"2016","v":"2016"},{"n":"2015","v":"2015"},
        {"n":"2014","v":"2014"},{"n":"2013","v":"2013"},{"n":"2012","v":"2012"},{"n":"2011","v":"2011"}
      ]},
      {"key":"by","name":"排序","value":[{"n":"全部","v":""},{"n":"时间","v":"time"},{"n":"人气","v":"hits"},{"n":"评分","v":"score"}]}
    ],
    "44": [
      {"key":"year","name":"年份","value":[{"n":"全部","v":""},
        {"n":"2022","v":"2022"},{"n":"2021","v":"2021"},{"n":"2020","v":"2020"},{"n":"2019","v":"2019"},
        {"n":"2018","v":"2018"},{"n":"2017","v":"2017"},{"n":"2016","v":"2016"},{"n":"2015","v":"2015"},
        {"n":"2014","v":"2014"},{"n":"2013","v":"2013"},{"n":"2012","v":"2012"},{"n":"2011","v":"2011"}
      ]},
      {"key":"by","name":"排序","value":[{"n":"全部","v":""},{"n":"时间","v":"time"},{"n":"人气","v":"hits"},{"n":"评分","v":"score"}]}
    ],
    "45": [
      {"key":"year","name":"年份","value":[{"n":"全部","v":""},
        {"n":"2022","v":"2022"},{"n":"2021","v":"2021"},{"n":"2020","v":"2020"},{"n":"2019","v":"2019"},
        {"n":"2018","v":"2018"},{"n":"2017","v":"2017"},{"n":"2016","v":"2016"},{"n":"2015","v":"2015"},
        {"n":"2014","v":"2014"},{"n":"2013","v":"2013"},{"n":"2012","v":"2012"},{"n":"2011","v":"2011"}
      ]},
      {"key":"by","name":"排序","value":[{"n":"全部","v":""},{"n":"时间","v":"time"},{"n":"人气","v":"hits"},{"n":"评分","v":"score"}]}
    ]
  }
}