{
  "author": "takagen99",
  "ua": "Mozilla/5.0 (iPhone; CPU iPhone OS 13_2_3 like Mac OS X) AppleWebKit/605.1.15 (KHTML, like Gecko) Version/13.0.3 Mobile/15E148 Safari/604.1",
  "homeUrl": "https://auete.com",
  "cateManual": {
    "电影": "Movie/index",
    "电视剧": "Tv/index",
    "综艺": "Zy/index",
    "动漫": "Dm/index",
    "其他": "qita/index"
    // "美剧": "Tv/oumei/index",
    // "韩剧": "Tv/hanju/index",
    // "日剧": "Tv/riju/index",
    // "泰剧": "Tv/yataiju/index",
    // "网剧": "Tv/wangju/index",
    // "台剧": "Tv/taiju/index",
    // "国产": "Tv/neidi/index",
    // "港剧": "Tv/tvbgj/index",
    // "英剧": "Tv/yingju/index",
    // "动画": "Dm/donghua/index",
    // "日漫": "Dm/riman/index",
    // "国漫": "Dm/guoman/index",
    // "美漫": "Dm/meiman/index"
  },
  // Home Summary ================================================  
  "homeVodNode": "//div[contains(@class,'picture_list_container')]/ul/li",
  "homeVodName": "/a/img/@title",
  "homeVodId": "/h2/a/@href",
  "homeVodImg": "/a/img/@src",
  "homeVodMark": "/a/button/text()",
  // Category Summary ================================================    
  "cateUrl": "https://auete.com/{cateId}.html",
  "cateVodNode": "//div[contains(@class,'picture_list_container')]/ul/li",
  "cateVodName": "/a/img/@title",
  "cateVodId": "/h2/a/@href",
  "cateVodImg": "/a/img/@src",
  "cateVodMark": "/a/button/text()",
  // Category Details ================================================    
  "dtUrl": "https://auete.com/{vid}",
  "dtNode": "//div[@class='card-body']",
  "dtName": "//h1[contains(@class,'title break-all')]/text()",
  "dtImg": "//div[@class='cover']/a/@href",
  "dtCate": "//div[@class='message break-all']/p[8]/text()",
  "dtArea": "//div[@class='message break-all']/p[10]/text()",
  "dtYear": "//div[@class='message break-all']/p[11]/text()",
  "dtActor": "//div[@class='message break-all']/p[7]/text()",
  "dtDirector": "//div[@class='message break-all']/p[5]/text()",
  "dtMark": "//div[@class='message break-all']/p[14]/text()",
  "dtDesc": "//div[@class='message break-all']/p[16]/text()",
  // Playlist =====================================================              
  "dtFromNode": "//div[contains(@id,'player_list')]/h2",
  "dtFromName": "[substring-after(text(),'播')]", // number must match
  "dtUrlNode": "//div[contains(@id,'player_list')]/ul", // number must match 
  "dtUrlSubNode": "/li/a",
  "dtUrlId": "/@href",
  "dtUrlName": "/text()",
  "playUrl": "https://auete.com/{playUrl}",
  "playUa": "",
  // Search Results ================================================         
  "searchUrl": "https://auete.com/search.php?searchword={wd}",
  "scVodNode": "json:list",
  "scVodName": "name",
  "scVodId": "id",
  "scVodIdR": "",
  "scVodImg": "pic",
  "scVodMark": "",
  // Filters =======================================================
  "filter": {
      "Movie/index": [      // 电影
        {
          "key": "cateId",
          "name": "分类",
          "value": [
            { "n": "全部", "v": "" },
            { "n": "喜剧片", "v": "Movie/xjp/index" },
            { "n": "动作片", "v": "Movie/dzp/index" },
            { "n": "爱情片", "v": "Movie/aqp/index" },
            { "n": "科幻片", "v": "Movie/khp/index" },
            { "n": "恐怖片", "v": "Movie/kbp/index" },
            { "n": "惊悚片", "v": "Movie/jsp/index" },
            { "n": "战争片", "v": "Movie/zzp/index" },
            { "n": "剧情片", "v": "Movie/jqp/index" }
          ]
        }
      ],
      "Tv/index": [      // 电视剧
        {
          "key": "cateId",
          "name": "分类",
          "value": [
            { "n": "全部", "v": "" },
            { "n": "美剧", "v": "Tv/oumei/index" },
            { "n": "韩剧", "v": "Tv/hanju/index" },
            { "n": "日剧", "v": "Tv/riju/index" },
            { "n": "泰剧", "v": "Tv/yataiju/index" },
            { "n": "网剧", "v": "Tv/wangju/index" },
            { "n": "台剧", "v": "Tv/taiju/index" },
            { "n": "国产", "v": "Tv/neidi/index" },
            { "n": "港剧", "v": "Tv/tvbgj/index" },
            { "n": "英剧", "v": "Tv/yingju/index" }
          ]
        }
      ],
      // "Zy/index": [      // 综艺
      //   {
      //     "key": "cateId",
      //     "name": "分类",
      //     "value": [
      //       { "n": "全部", "v": "" },
      //       { "n": "国综", "v": "Zy/guozong/index" },
      //       { "n": "韩综", "v": "Zy/hanzong/index" },
      //       { "n": "美综", "v": "Zy/meizong/index" }
      //     ]
      //   }
      // ],
      "Dm/index": [      // 动漫
        {
          "key": "cateId",
          "name": "分类",
          "value": [
            { "n": "全部", "v": "" },
            { "n": "动画", "v": "Dm/donghua/index" },
            { "n": "日漫", "v": "Dm/riman/index" },
            { "n": "国漫", "v": "Dm/guoman/index" },
            { "n": "美漫", "v": "Dm/meiman/index" }
          ]
        }
      ],
      "qita/index": [      // 其他
        {
          "key": "cateId",
          "name": "分类",
          "value": [
            { "n": "全部", "v": "" },
            { "n": "记录片", "v": "qita/Jlp/index" },
            { "n": "经典片", "v": "qita/Jdp/index" },
            { "n": "经典剧", "v": "qita/Jdj/index" },
            { "n": "网大电影", "v": "qita/wlp/index" },
            { "n": "国产老电影", "v": "qita/laodianying/index" }
          ]
        }
      ]
    }
  }
