{
  "ua": "Mozilla/5.0 (Windows NT 10.0; Win64; x64) AppleWebKit/537.36 (KHTML, like Gecko) Chrome/100.0.4896.75 Safari/537.36",
  "homeUrl": "https://www.dandanzan10.top/",
  "cateNode": "//div[@class='nav']/ul/li/a[@href!='/']",
  "cateName": "/text()",
  "cateId": "/@href",
  "cateIdR": "/(\\S+)/",
  "cateManual": {},
  "homeVodNode": "//div[contains(@class,'lists-thumb-top') and @id='slider']//div[@class='lists-content']/ul/li",
  "homeVodName": "/h2/a/text()",
  "homeVodId": "/h2/a/@href",
  "homeVodIdR": "/(\\S+).html",
  "homeVodImg": "/a/img/@src",
  "homeVodMark": "/a/div[@class='note']/span/text()",
  "cateUrl": "https://www.dandanzan10.top/{cateId}/{class}-{area}-{year}-{catePg}-{by}.html",
  "cateVodNode": "//div[@class='lists-content']/ul/li",
  "cateVodName": "/h2/a/text()",
  "cateVodId": "/h2/a/@href",
  "cateVodIdR": "/(\\S+).html",
  "cateVodImg": "/a/img/@src",
  "cateVodMark": "/a/div[@class='note']/span/text()",
  "dtUrl": "https://www.dandanzan10.top/{vid}.html",
  "dtNode": "//header[@class='product-header']",
  "dtName": "//h1[contains(@class,'product-title')]/text()",
  "dtImg": "/img[1]/@src",
  "dtCate": "/div[@class='product-excerpt' and contains(text(),'类型')]/span/a/text()",
  "dtYear": "//h1[contains(@class,'product-title')]/span[1]/text()",
  "dtYearR": "\\((\\S+)\\)",
  "dtArea": "/div[@class='product-excerpt' and contains(text(),'地区')]/span/a/text()",
  "dtActor": "/div[@class='product-excerpt' and contains(text(),'主演')]/span/a/text()",
  "dtDirector": "/div[@class='product-excerpt' and contains(text(),'导演')]/span/a/text()",
  "dtDesc": "/div[@class='product-excerpt' and contains(text(),'剧情简介')]/span/text()",
  "dtFromNode": "/nil",
  "dtUrlNode": "/nil",
  "playUrl": "https://www.dandanzan10.top/{playUrl}.html",
  "searchUrl": "https://www.dandanzan10.top/so/{wd}-{wd}--.html",
  "scVodNode": "//div[@class='lists-content']/ul/li",
  "scVodName": "/h2/a/text()",
  "scVodId": "/h2/a/@href",
  "scVodIdR": "/(\\S+).html",
  "scVodImg": "/a/img/@src",
  "scVodMark": "/a/div[@class='note']/span/text()",
  "filter": {
    "dianying": [
      {
        "key": "class",
        "name": "分类",
        "value": [
          {
            "n": "全部",
            "v": ""
          },
          {
            "n": "剧情",
            "v": "剧情"
          },
          {
            "n": "喜剧",
            "v": "喜剧"
          },
          {
            "n": "动作",
            "v": "动作"
          },
          {
            "n": "爱情",
            "v": "爱情"
          },
          {
            "n": "科幻",
            "v": "科幻"
          },
          {
            "n": "悬疑",
            "v": "悬疑"
          },
          {
            "n": "惊悚",
            "v": "惊悚"
          },
          {
            "n": "恐怖",
            "v": "恐怖"
          },
          {
            "n": "犯罪",
            "v": "犯罪"
          },
          {
            "n": "同性",
            "v": "同性"
          },
          {
            "n": "音乐",
            "v": "音乐"
          },
          {
            "n": "歌舞",
            "v": "歌舞"
          },
          {
            "n": "传记",
            "v": "传记"
          },
          {
            "n": "历史",
            "v": "历史"
          },
          {
            "n": "战争",
            "v": "战争"
          },
          {
            "n": "西部",
            "v": "西部"
          },
          {
            "n": "奇幻",
            "v": "奇幻"
          },
          {
            "n": "冒险",
            "v": "冒险"
          },
          {
            "n": "灾难",
            "v": "灾难"
          },
          {
            "n": "武侠",
            "v": "武侠"
          }

        ]
      },
      {
        "key": "area",
        "name": "地区",
        "value": [
          {
            "n": "全部",
            "v": ""
          },
          {
            "n": "大陆",
            "v": "中国大陆"
          },
          {
            "n": "美国",
            "v": "美国"
          },
          {
            "n": "香港",
            "v": "香港"
          },
          {
            "n": "台湾",
            "v": "台湾"
          },
          {
            "n": "日本",
            "v": "日本"
          },
          {
            "n": "韩国",
            "v": "韩国"
          },
          {
            "n": "英国",
            "v": "英国"
          },
          {
            "n": "法国",
            "v": "法国"
          },
          {
            "n": "德国",
            "v": "德国"
          },
          {
            "n": "意大利",
            "v": "意大利"
          },
          {
            "n": "西班牙",
            "v": "西班牙"
          },
          {
            "n": "印度",
            "v": "印度"
          },
          {
            "n": "泰国",
            "v": "泰国"
          },
          {
            "n": "俄罗斯",
            "v": "俄罗斯"
          },
          {
            "n": "加拿大",
            "v": "加拿大"
          },
          {
            "n": "澳大利亚",
            "v": "澳大利亚"
          },
          {
            "n": "爱尔兰",
            "v": "爱尔兰"
          },
          {
            "n": "瑞典",
            "v": "瑞典"
          },
          {
            "n": "巴西",
            "v": "巴西"
          },
          {
            "n": "丹麦",
            "v": "丹麦"
          }
        ]
      },
      {
        "key": "year",
        "name": "年份",
        "value": [
          {
            "n": "全部",
            "v": ""
          },
          {
            "n": "2022",
            "v": "2022"
          },
          {
            "n": "2021",
            "v": "2021"
          },
          {
            "n": "2020",
            "v": "2020"
          },
          {
            "n": "2019",
            "v": "2019"
          },
          {
            "n": "2018",
            "v": "2018"
          },
          {
            "n": "2017",
            "v": "2017"
          },
          {
            "n": "2016",
            "v": "2016"
          },
          {
            "n": "2015",
            "v": "2015"
          },
          {
            "n": "2014",
            "v": "2014"
          },
          {
            "n": "2013",
            "v": "2013"
          },
          {
            "n": "2012",
            "v": "2012"
          },
          {
            "n": "2011",
            "v": "2011"
          },
          {
            "n": "2010",
            "v": "2010"
          },
          {
            "n": "2009",
            "v": "2009"
          },
          {
            "n": "2008",
            "v": "2008"
          },
          {
            "n": "2007",
            "v": "2007"
          },
          {
            "n": "2006",
            "v": "2006"
          },
          {
            "n": "2005",
            "v": "2005"
          },
          {
            "n": "2004",
            "v": "2004"
          },
          {
            "n": "2003",
            "v": "2003"
          },
          {
            "n": "2002",
            "v": "2002"
          },
          {
            "n": "更早",
            "v": "1__2001"
          }
        ]
      },
      {
        "key": "by",
        "name": "排序",
        "value": [
          {
            "n": "全部",
            "v": ""
          },
          {
            "n": "时间",
            "v": "newstime"
          },
          {
            "n": "人气",
            "v": "onclick"
          },
          {
            "n": "评分",
            "v": "rating"
          }
        ]
      }
    ],
    "dianshiju": [
      {
        "key": "class",
        "name": "分类",
        "value": [
          {
            "n": "全部",
            "v": ""
          },
          {
            "n": "剧情",
            "v": "剧情"
          },
          {
            "n": "喜剧",
            "v": "喜剧"
          },
          {
            "n": "动作",
            "v": "动作"
          },
          {
            "n": "爱情",
            "v": "爱情"
          },
          {
            "n": "科幻",
            "v": "科幻"
          },
          {
            "n": "悬疑",
            "v": "悬疑"
          },
          {
            "n": "惊悚",
            "v": "惊悚"
          },
          {
            "n": "恐怖",
            "v": "恐怖"
          },
          {
            "n": "犯罪",
            "v": "犯罪"
          },
          {
            "n": "同性",
            "v": "同性"
          },
          {
            "n": "音乐",
            "v": "音乐"
          },
          {
            "n": "歌舞",
            "v": "歌舞"
          },
          {
            "n": "传记",
            "v": "传记"
          },
          {
            "n": "历史",
            "v": "历史"
          },
          {
            "n": "战争",
            "v": "战争"
          },
          {
            "n": "西部",
            "v": "西部"
          },
          {
            "n": "奇幻",
            "v": "奇幻"
          },
          {
            "n": "冒险",
            "v": "冒险"
          },
          {
            "n": "灾难",
            "v": "灾难"
          },
          {
            "n": "武侠",
            "v": "武侠"
          }

        ]
      },
      {
        "key": "area",
        "name": "地区",
        "value": [
          {
            "n": "全部",
            "v": ""
          },
          {
            "n": "大陆",
            "v": "中国大陆"
          },
          {
            "n": "美国",
            "v": "美国"
          },
          {
            "n": "香港",
            "v": "香港"
          },
          {
            "n": "台湾",
            "v": "台湾"
          },
          {
            "n": "日本",
            "v": "日本"
          },
          {
            "n": "韩国",
            "v": "韩国"
          },
          {
            "n": "英国",
            "v": "英国"
          },
          {
            "n": "法国",
            "v": "法国"
          },
          {
            "n": "德国",
            "v": "德国"
          },
          {
            "n": "意大利",
            "v": "意大利"
          },
          {
            "n": "西班牙",
            "v": "西班牙"
          },
          {
            "n": "印度",
            "v": "印度"
          },
          {
            "n": "泰国",
            "v": "泰国"
          },
          {
            "n": "俄罗斯",
            "v": "俄罗斯"
          },
          {
            "n": "加拿大",
            "v": "加拿大"
          },
          {
            "n": "澳大利亚",
            "v": "澳大利亚"
          },
          {
            "n": "爱尔兰",
            "v": "爱尔兰"
          },
          {
            "n": "瑞典",
            "v": "瑞典"
          },
          {
            "n": "巴西",
            "v": "巴西"
          },
          {
            "n": "丹麦",
            "v": "丹麦"
          }
        ]
      },
      {
        "key": "year",
        "name": "年份",
        "value": [
          {
            "n": "全部",
            "v": ""
          },
          {
            "n": "2022",
            "v": "2022"
          },
          {
            "n": "2021",
            "v": "2021"
          },
          {
            "n": "2020",
            "v": "2020"
          },
          {
            "n": "2019",
            "v": "2019"
          },
          {
            "n": "2018",
            "v": "2018"
          },
          {
            "n": "2017",
            "v": "2017"
          },
          {
            "n": "2016",
            "v": "2016"
          },
          {
            "n": "2015",
            "v": "2015"
          },
          {
            "n": "2014",
            "v": "2014"
          },
          {
            "n": "2013",
            "v": "2013"
          },
          {
            "n": "2012",
            "v": "2012"
          },
          {
            "n": "2011",
            "v": "2011"
          },
          {
            "n": "2010",
            "v": "2010"
          },
          {
            "n": "2009",
            "v": "2009"
          },
          {
            "n": "2008",
            "v": "2008"
          },
          {
            "n": "2007",
            "v": "2007"
          },
          {
            "n": "2006",
            "v": "2006"
          },
          {
            "n": "2005",
            "v": "2005"
          },
          {
            "n": "2004",
            "v": "2004"
          },
          {
            "n": "2003",
            "v": "2003"
          },
          {
            "n": "2002",
            "v": "2002"
          },
          {
            "n": "更早",
            "v": "1__2001"
          }
        ]
      },
      {
        "key": "by",
        "name": "排序",
        "value": [
          {
            "n": "全部",
            "v": ""
          },
          {
            "n": "时间",
            "v": "newstime"
          },
          {
            "n": "人气",
            "v": "onclick"
          },
          {
            "n": "评分",
            "v": "rating"
          }
        ]
      }
    ],
    "zongyi": [
      {
        "key": "class",
        "name": "分类",
        "value": [
          {
            "n": "全部",
            "v": ""
          },
          {
            "n": "剧情",
            "v": "剧情"
          },
          {
            "n": "喜剧",
            "v": "喜剧"
          },
          {
            "n": "动作",
            "v": "动作"
          },
          {
            "n": "爱情",
            "v": "爱情"
          },
          {
            "n": "科幻",
            "v": "科幻"
          },
          {
            "n": "悬疑",
            "v": "悬疑"
          },
          {
            "n": "惊悚",
            "v": "惊悚"
          },
          {
            "n": "恐怖",
            "v": "恐怖"
          },
          {
            "n": "犯罪",
            "v": "犯罪"
          },
          {
            "n": "同性",
            "v": "同性"
          },
          {
            "n": "音乐",
            "v": "音乐"
          },
          {
            "n": "歌舞",
            "v": "歌舞"
          },
          {
            "n": "传记",
            "v": "传记"
          },
          {
            "n": "历史",
            "v": "历史"
          },
          {
            "n": "战争",
            "v": "战争"
          },
          {
            "n": "西部",
            "v": "西部"
          },
          {
            "n": "奇幻",
            "v": "奇幻"
          },
          {
            "n": "冒险",
            "v": "冒险"
          },
          {
            "n": "灾难",
            "v": "灾难"
          },
          {
            "n": "武侠",
            "v": "武侠"
          }

        ]
      },
      {
        "key": "area",
        "name": "地区",
        "value": [
          {
            "n": "全部",
            "v": ""
          },
          {
            "n": "大陆",
            "v": "中国大陆"
          },
          {
            "n": "美国",
            "v": "美国"
          },
          {
            "n": "香港",
            "v": "香港"
          },
          {
            "n": "台湾",
            "v": "台湾"
          },
          {
            "n": "日本",
            "v": "日本"
          },
          {
            "n": "韩国",
            "v": "韩国"
          },
          {
            "n": "英国",
            "v": "英国"
          },
          {
            "n": "法国",
            "v": "法国"
          },
          {
            "n": "德国",
            "v": "德国"
          },
          {
            "n": "意大利",
            "v": "意大利"
          },
          {
            "n": "西班牙",
            "v": "西班牙"
          },
          {
            "n": "印度",
            "v": "印度"
          },
          {
            "n": "泰国",
            "v": "泰国"
          },
          {
            "n": "俄罗斯",
            "v": "俄罗斯"
          },
          {
            "n": "加拿大",
            "v": "加拿大"
          },
          {
            "n": "澳大利亚",
            "v": "澳大利亚"
          },
          {
            "n": "爱尔兰",
            "v": "爱尔兰"
          },
          {
            "n": "瑞典",
            "v": "瑞典"
          },
          {
            "n": "巴西",
            "v": "巴西"
          },
          {
            "n": "丹麦",
            "v": "丹麦"
          }
        ]
      },
      {
        "key": "year",
        "name": "年份",
        "value": [
          {
            "n": "全部",
            "v": ""
          },
          {
            "n": "2022",
            "v": "2022"
          },
          {
            "n": "2021",
            "v": "2021"
          },
          {
            "n": "2020",
            "v": "2020"
          },
          {
            "n": "2019",
            "v": "2019"
          },
          {
            "n": "2018",
            "v": "2018"
          },
          {
            "n": "2017",
            "v": "2017"
          },
          {
            "n": "2016",
            "v": "2016"
          },
          {
            "n": "2015",
            "v": "2015"
          },
          {
            "n": "2014",
            "v": "2014"
          },
          {
            "n": "2013",
            "v": "2013"
          },
          {
            "n": "2012",
            "v": "2012"
          },
          {
            "n": "2011",
            "v": "2011"
          },
          {
            "n": "2010",
            "v": "2010"
          },
          {
            "n": "2009",
            "v": "2009"
          },
          {
            "n": "2008",
            "v": "2008"
          },
          {
            "n": "2007",
            "v": "2007"
          },
          {
            "n": "2006",
            "v": "2006"
          },
          {
            "n": "2005",
            "v": "2005"
          },
          {
            "n": "2004",
            "v": "2004"
          },
          {
            "n": "2003",
            "v": "2003"
          },
          {
            "n": "2002",
            "v": "2002"
          },
          {
            "n": "更早",
            "v": "1__2001"
          }
        ]
      },
      {
        "key": "by",
        "name": "排序",
        "value": [
          {
            "n": "全部",
            "v": ""
          },
          {
            "n": "时间",
            "v": "newstime"
          },
          {
            "n": "人气",
            "v": "onclick"
          },
          {
            "n": "评分",
            "v": "rating"
          }
        ]
      }
    ],
    "dongman": [
      {
        "key": "class",
        "name": "分类",
        "value": [
          {
            "n": "全部",
            "v": ""
          },
          {
            "n": "剧情",
            "v": "剧情"
          },
          {
            "n": "喜剧",
            "v": "喜剧"
          },
          {
            "n": "动作",
            "v": "动作"
          },
          {
            "n": "爱情",
            "v": "爱情"
          },
          {
            "n": "科幻",
            "v": "科幻"
          },
          {
            "n": "悬疑",
            "v": "悬疑"
          },
          {
            "n": "惊悚",
            "v": "惊悚"
          },
          {
            "n": "恐怖",
            "v": "恐怖"
          },
          {
            "n": "犯罪",
            "v": "犯罪"
          },
          {
            "n": "同性",
            "v": "同性"
          },
          {
            "n": "音乐",
            "v": "音乐"
          },
          {
            "n": "歌舞",
            "v": "歌舞"
          },
          {
            "n": "传记",
            "v": "传记"
          },
          {
            "n": "历史",
            "v": "历史"
          },
          {
            "n": "战争",
            "v": "战争"
          },
          {
            "n": "西部",
            "v": "西部"
          },
          {
            "n": "奇幻",
            "v": "奇幻"
          },
          {
            "n": "冒险",
            "v": "冒险"
          },
          {
            "n": "灾难",
            "v": "灾难"
          },
          {
            "n": "武侠",
            "v": "武侠"
          }

        ]
      },
      {
        "key": "area",
        "name": "地区",
        "value": [
          {
            "n": "全部",
            "v": ""
          },
          {
            "n": "大陆",
            "v": "中国大陆"
          },
          {
            "n": "美国",
            "v": "美国"
          },
          {
            "n": "香港",
            "v": "香港"
          },
          {
            "n": "台湾",
            "v": "台湾"
          },
          {
            "n": "日本",
            "v": "日本"
          },
          {
            "n": "韩国",
            "v": "韩国"
          },
          {
            "n": "英国",
            "v": "英国"
          },
          {
            "n": "法国",
            "v": "法国"
          },
          {
            "n": "德国",
            "v": "德国"
          },
          {
            "n": "意大利",
            "v": "意大利"
          },
          {
            "n": "西班牙",
            "v": "西班牙"
          },
          {
            "n": "印度",
            "v": "印度"
          },
          {
            "n": "泰国",
            "v": "泰国"
          },
          {
            "n": "俄罗斯",
            "v": "俄罗斯"
          },
          {
            "n": "加拿大",
            "v": "加拿大"
          },
          {
            "n": "澳大利亚",
            "v": "澳大利亚"
          },
          {
            "n": "爱尔兰",
            "v": "爱尔兰"
          },
          {
            "n": "瑞典",
            "v": "瑞典"
          },
          {
            "n": "巴西",
            "v": "巴西"
          },
          {
            "n": "丹麦",
            "v": "丹麦"
          }
        ]
      },
      {
        "key": "year",
        "name": "年份",
        "value": [
          {
            "n": "全部",
            "v": ""
          },
          {
            "n": "2022",
            "v": "2022"
          },
          {
            "n": "2021",
            "v": "2021"
          },
          {
            "n": "2020",
            "v": "2020"
          },
          {
            "n": "2019",
            "v": "2019"
          },
          {
            "n": "2018",
            "v": "2018"
          },
          {
            "n": "2017",
            "v": "2017"
          },
          {
            "n": "2016",
            "v": "2016"
          },
          {
            "n": "2015",
            "v": "2015"
          },
          {
            "n": "2014",
            "v": "2014"
          },
          {
            "n": "2013",
            "v": "2013"
          },
          {
            "n": "2012",
            "v": "2012"
          },
          {
            "n": "2011",
            "v": "2011"
          },
          {
            "n": "2010",
            "v": "2010"
          },
          {
            "n": "2009",
            "v": "2009"
          },
          {
            "n": "2008",
            "v": "2008"
          },
          {
            "n": "2007",
            "v": "2007"
          },
          {
            "n": "2006",
            "v": "2006"
          },
          {
            "n": "2005",
            "v": "2005"
          },
          {
            "n": "2004",
            "v": "2004"
          },
          {
            "n": "2003",
            "v": "2003"
          },
          {
            "n": "2002",
            "v": "2002"
          },
          {
            "n": "更早",
            "v": "1__2001"
          }
        ]
      },
      {
        "key": "by",
        "name": "排序",
        "value": [
          {
            "n": "全部",
            "v": ""
          },
          {
            "n": "时间",
            "v": "newstime"
          },
          {
            "n": "人气",
            "v": "onclick"
          },
          {
            "n": "评分",
            "v": "rating"
          }
        ]
      }
    ]
  }
}
