{
    "author": "春风",
    "ua": "",
    "homeUrl": "https://juhuang.tv/",
    "dcVipFlag": "true",
    "pCfgJs": "https://juhuang.tv//static/js/playerconfig.js",
    "pCfgJsR": "MacPlayerConfig.player_list=([\\w\\W]*?),MacPlayerConfig.downer_list=",
    "dcShow2Vip": {},
    "dcPlayUrl": "true",
    "cateManual": {
        "电影": "1",
        "剧集": "2",
        "韩剧": "13",
        "日剧": "15",
        "美剧": "16",
        "动漫": "4",
        "纪录片": "21"
    },
    "homeVodNode": "//div[@class='module-item']",
    "homeVodName": "//div[@class='module-item-pic']/a/@title",
    "homeVodId": "//div[@class='module-item-pic']/a/@href",
    "homeVodIdR": "/play/(\\S+)_play_1_1.html",
    "homeVodImg": "//div[@class='module-item-pic']//@data-src",
    "homeVodImgR": "",
    "homeVodMark": "/div[@class='module-item-text']/text()",
    "cateUrl": "https://juhuang.tv/type/{cateId}_type.html",
    "cateVodNode": "//div[@class='module-item']",
    "cateVodName": "//div[@class='module-item-pic']/a/@title",
    "cateVodId": "///div[@class='module-item-pic']/a/@href",
    "cateVodIdR": "/play/(\\S+)_play_1_1.html",
    "cateVodImg": "//div[@class='module-item-pic']//@data-src",
    "cateVodImgR": "",
    "cateVodMark": "/div[@class='module-item-text']/text()",
    "dtUrl": "https://juhuang.tv/play/{vid}_play_1_1.html",
    "dtNode": "//main",
    "dtName": "//h1/a/@title",
    "dtNameR": "",
    "dtImg": "//div[@class='module-items']/div[1]//img/@data-src",
    "dtImgR": "",
    "dtCate": "//span[@class='video-tag-icon']/a/text()",
    "dtYear": "//div[@class='video-info-aux']/a[3]/text()",
    "dtArea": "//div[@class='video-info-aux']/a[2]/text()",
    "dtDirector": "",
    "dtActor": "",
    "dtDesc": "//span[contains(text(),'剧情')]/following-sibling::div/p[1]/text()",
    "dtFromNode": "//div[@class='module-tab-title']",
    "dtFromName": "/text()",
    "dtFromNameR": "",
    "dtUrlNode": "//div[@class='sort-item']",
    "dtUrlSubNode": "/a",
    "dtUrlId": "@href",
    "dtUrlIdR": "/play/(\\S+).html",
    "dtUrlName": "/span/text()",
    "dtUrlNameR": "",
    "playUrl": "https://juhuang.tv/play/{playUrl}.html",
    "playUa": "Mozilla/5.0 (Linux; Android 10; LYA-AL00 Build/HUAWEILYA-AL00L; wv) AppleWebKit/537.36 (KHTML, like Gecko) Version/4.0 Chrome/73.0.3683.121 Mobile Safari/537.36",
    "searchUrl": "https://so.juhuang.tv/soapi.php?wd={wd}",
    "scVodNode": "json:list",
    "scVodName": "vod_name",
    "scVodId": "vod_id",
    "scVodIdR": "",
    "scVodImg": "vod_pic",
    "scVodMark": ""
}
