{
  "classes": [
{
      "type_name": "高一语文",
      "type_id": "高一语文"
    },
    {
      "type_name": "高一数学",
      "type_id": "高一数学"
    },
   {
      "type_name": "高一英语",
      "type_id": "高一英语"
    },
  {
      "type_name": "高一历史",
      "type_id": "高一历史"
    },
{
      "type_name": "高一地理",
      "type_id": "高一地理"
    },
    {
      "type_name": "高一生物",
      "type_id": "高一生物"
    },
 {
      "type_name": "高一思想政治",
      "type_id": "高一思想政治"
    },
{
      "type_name": "高一物理",
      "type_id": "高一物理"
    },
    {
      "type_name": "高一化学",
      "type_id": "高一化学"
    },


{
      "type_name": "高二语文",
      "type_id": "高二语文"
    },
    {
      "type_name": "高二数学",
      "type_id": "高二数学"
    },
   {
      "type_name": "高二英语",
      "type_id": "高二英语"
    },
  {
      "type_name": "高二历史",
      "type_id": "高二历史"
    },
{
      "type_name": "高二地理",
      "type_id": "高二地理"
    },
    {
      "type_name": "高二生物",
      "type_id": "高二生物"
    },
 {
      "type_name": "高二思想政治",
      "type_id": "高二思想政治"
    },
{
      "type_name": "高二物理",
      "type_id": "高二物理"
    },
    {
      "type_name": "高二化学",
      "type_id": "高二化学"
    },


{
      "type_name": "高三语文",
      "type_id": "高三语文"
    },
    {
      "type_name": "高三数学",
      "type_id": "高三数学"
    },
   {
      "type_name": "高三英语",
      "type_id": "高三英语"
    },
  {
      "type_name": "高三历史",
      "type_id": "高三历史"
    },
{
      "type_name": "高三地理",
      "type_id": "高三地理"
    },
    {
      "type_name": "高三生物",
      "type_id": "高三生物"
    },
 {
      "type_name": "高三思想政治",
      "type_id": "高三思想政治"
    },
{
      "type_name": "高三物理",
      "type_id": "高三物理"
    },
    {
      "type_name": "高三化学",
      "type_id": "高三化学"
    },



  {
      "type_name": "高中信息技术",
      "type_id": "高中信息技术"
    },
 {
      "type_name": "高中信息技术",
      "type_id": "高中信息技术"
    }



  ],
  "filter": {

 "9年级语文": [
      {
        "key": "tid",
        "name": "分类",
        "value": [
          {
            "n": "全部",
            "v": "0"
          },
          {
            "n": "沪教版",
            "v": "沪教版9年级语文"
          },
          {
            "n": "人教版",
            "v": "人教版9年级语文"
          },
          {
            "n": "北师大版",
            "v": "北师大版9年级语文"
          },
          
          {
            "n": "苏教版",
            "v": "苏教版9年级语文"
          }
        ]
      },
      {
        "key": "duration",
        "name": "时长",
        "value": [
          {
            "n": "全部",
            "v": "0"
          },
          {
            "n": "60分钟以上",
            "v": "4"
          },
          {
            "n": "30~60分钟",
            "v": "3"
          },
          {
            "n": "10~30分钟",
            "v": "2"
          },
          {
            "n": "10分钟以下",
            "v": "1"
          }
        ]
      }
    ],

    "9年级英语": [
      {
        "key": "tid",
        "name": "分类",
        "value": [
          {
            "n": "全部",
            "v": "0"
          },
          {
            "n": "沪教版",
            "v": "沪教版9年级英语"
          },
          {
            "n": "人教版",
            "v": "人教版9年级英语"
          },
          {
            "n": "北师大版",
            "v": "北师大版9年级英语"
          },
          
          {
            "n": "苏教版",
            "v": "苏教版9年级英语"
          }
        ]
      },
      {
        "key": "duration",
        "name": "时长",
        "value": [
          {
            "n": "全部",
            "v": "0"
          },
          {
            "n": "60分钟以上",
            "v": "4"
          },
          {
            "n": "30~60分钟",
            "v": "3"
          },
          {
            "n": "10~30分钟",
            "v": "2"
          },
          {
            "n": "10分钟以下",
            "v": "1"
          }
        ]
      }
    ],

    
    "9年级数学": [
      {
        "key": "tid",
        "name": "分类",
        "value": [
          {
            "n": "全部",
            "v": "0"
          },
          {
            "n": "沪教版",
            "v": "沪教版9年级数学"
          },
          {
            "n": "人教版",
            "v": "人教版9年级数学"
          },
          {
            "n": "北师大版",
            "v": "北师大版9年级数学"
          },
          
          {
            "n": "苏教版",
            "v": "苏教版9年级数学"
          }
        ]
      },
      {
        "key": "duration",
        "name": "时长",
        "value": [
          {
            "n": "全部",
            "v": "0"
          },
          {
            "n": "60分钟以上",
            "v": "4"
          },
          {
            "n": "30~60分钟",
            "v": "3"
          },
          {
            "n": "10~30分钟",
            "v": "2"
          },
          {
            "n": "10分钟以下",
            "v": "1"
          }
        ]
      }
    ],


    "9年级化学": [
      {
        "key": "tid",
        "name": "分类",
        "value": [
          {
            "n": "全部",
            "v": "0"
          },
          {
            "n": "沪教版",
            "v": "沪教版9年级化学"
          },
          {
            "n": "人教版",
            "v": "人教版9年级化学"
          },
          {
            "n": "北师大版",
            "v": "北师大版9年级化学"
          },
          
          {
            "n": "苏教版",
            "v": "苏教版9年级化学"
          }
        ]
      },
      {
        "key": "duration",
        "name": "时长",
        "value": [
          {
            "n": "全部",
            "v": "0"
          },
          {
            "n": "60分钟以上",
            "v": "4"
          },
          {
            "n": "30~60分钟",
            "v": "3"
          },
          {
            "n": "10~30分钟",
            "v": "2"
          },
          {
            "n": "10分钟以下",
            "v": "1"
          }
        ]
      }
    ],


    "9年级物理": [
      {
        "key": "tid",
        "name": "分类",
        "value": [
          {
            "n": "全部",
            "v": "0"
          },
          {
            "n": "沪教版",
            "v": "沪教版9年级物理"
          },
          {
            "n": "人教版",
            "v": "人教版9年级物理"
          },
          {
            "n": "北师大版",
            "v": "北师大版9年级物理"
          },
          
          {
            "n": "苏教版",
            "v": "苏教版9年级物理"
          }
        ]
      },
      {
        "key": "duration",
        "name": "时长",
        "value": [
          {
            "n": "全部",
            "v": "0"
          },
          {
            "n": "60分钟以上",
            "v": "4"
          },
          {
            "n": "30~60分钟",
            "v": "3"
          },
          {
            "n": "10~30分钟",
            "v": "2"
          },
          {
            "n": "10分钟以下",
            "v": "1"
          }
        ]
      }
    ],


    "9年级生物": [
      {
        "key": "tid",
        "name": "分类",
        "value": [
          {
            "n": "全部",
            "v": "0"
          },
          {
            "n": "沪教版",
            "v": "沪教版9年级生物"
          },
          {
            "n": "人教版",
            "v": "人教版9年级生物"
          },
          {
            "n": "北师大版",
            "v": "北师大版9年级生物"
          },
          
          {
            "n": "苏教版",
            "v": "苏教版9年级生物"
          }
        ]
      },
      {
        "key": "duration",
        "name": "时长",
        "value": [
          {
            "n": "全部",
            "v": "0"
          },
          {
            "n": "60分钟以上",
            "v": "4"
          },
          {
            "n": "30~60分钟",
            "v": "3"
          },
          {
            "n": "10~30分钟",
            "v": "2"
          },
          {
            "n": "10分钟以下",
            "v": "1"
          }
        ]
      }
    ],


    "9年级历史": [
      {
        "key": "tid",
        "name": "分类",
        "value": [
          {
            "n": "全部",
            "v": "0"
          },
          {
            "n": "沪教版",
            "v": "沪教版9年级历史"
          },
          {
            "n": "人教版",
            "v": "人教版9年级历史"
          },
          {
            "n": "北师大版",
            "v": "北师大版9年级历史"
          },
          
          {
            "n": "苏教版",
            "v": "苏教版9年级历史"
          }
        ]
      },
      {
        "key": "duration",
        "name": "时长",
        "value": [
          {
            "n": "全部",
            "v": "0"
          },
          {
            "n": "60分钟以上",
            "v": "4"
          },
          {
            "n": "30~60分钟",
            "v": "3"
          },
          {
            "n": "10~30分钟",
            "v": "2"
          },
          {
            "n": "10分钟以下",
            "v": "1"
          }
        ]
      }
    ],






 "高一语文": [
      {
        "key": "tid",
        "name": "分类",
        "value": [
          {
            "n": "全部",
            "v": "0"
          },
          {
            "n": "沪教版",
            "v": "沪教版高一语文"
          },
          {
            "n": "人教版",
            "v": "人教版高一语文"
          },
          {
            "n": "北师大版",
            "v": "北师大版高一语文"
          },
          
          {
            "n": "苏教版",
            "v": "苏教版高一语文"
          }
        ]
      },
      {
        "key": "duration",
        "name": "时长",
        "value": [
          {
            "n": "全部",
            "v": "0"
          },
          {
            "n": "60分钟以上",
            "v": "4"
          },
          {
            "n": "30~60分钟",
            "v": "3"
          },
          {
            "n": "10~30分钟",
            "v": "2"
          },
          {
            "n": "10分钟以下",
            "v": "1"
          }
        ]
      }
    ],

    "高一英语": [
      {
        "key": "tid",
        "name": "分类",
        "value": [
          {
            "n": "全部",
            "v": "0"
          },
          {
            "n": "沪教版",
            "v": "沪教版高一英语"
          },
          {
            "n": "人教版",
            "v": "人教版高一英语"
          },
          {
            "n": "北师大版",
            "v": "北师大版高一英语"
          },
          
          {
            "n": "苏教版",
            "v": "苏教版高一英语"
          }
        ]
      },
      {
        "key": "duration",
        "name": "时长",
        "value": [
          {
            "n": "全部",
            "v": "0"
          },
          {
            "n": "60分钟以上",
            "v": "4"
          },
          {
            "n": "30~60分钟",
            "v": "3"
          },
          {
            "n": "10~30分钟",
            "v": "2"
          },
          {
            "n": "10分钟以下",
            "v": "1"
          }
        ]
      }
    ],

    
    "高一数学": [
      {
        "key": "tid",
        "name": "分类",
        "value": [
          {
            "n": "全部",
            "v": "0"
          },
          {
            "n": "沪教版",
            "v": "沪教版高一数学"
          },
          {
            "n": "人教版",
            "v": "人教版高一数学"
          },
          {
            "n": "北师大版",
            "v": "北师大版高一数学"
          },
          
          {
            "n": "苏教版",
            "v": "苏教版高一数学"
          }
        ]
      },
      {
        "key": "duration",
        "name": "时长",
        "value": [
          {
            "n": "全部",
            "v": "0"
          },
          {
            "n": "60分钟以上",
            "v": "4"
          },
          {
            "n": "30~60分钟",
            "v": "3"
          },
          {
            "n": "10~30分钟",
            "v": "2"
          },
          {
            "n": "10分钟以下",
            "v": "1"
          }
        ]
      }
    ],

 
    "高一物理": [
      {
        "key": "tid",
        "name": "分类",
        "value": [
          {
            "n": "全部",
            "v": "0"
          },
          {
            "n": "沪教版",
            "v": "沪教版高一物理"
          },
          {
            "n": "人教版",
            "v": "人教版高一物理"
          },
          {
            "n": "北师大版",
            "v": "北师大版高一物理"
          },
          
          {
            "n": "苏教版",
            "v": "苏教版高一物理"
          }
        ]
      },
      {
        "key": "duration",
        "name": "时长",
        "value": [
          {
            "n": "全部",
            "v": "0"
          },
          {
            "n": "60分钟以上",
            "v": "4"
          },
          {
            "n": "30~60分钟",
            "v": "3"
          },
          {
            "n": "10~30分钟",
            "v": "2"
          },
          {
            "n": "10分钟以下",
            "v": "1"
          }
        ]
      }
    ],


    "高一化学": [
      {
        "key": "tid",
        "name": "分类",
        "value": [
          {
            "n": "全部",
            "v": "0"
          },
          {
            "n": "沪教版",
            "v": "沪教版高一化学"
          },
          {
            "n": "人教版",
            "v": "人教版高一化学"
          },
          {
            "n": "北师大版",
            "v": "北师大版高一化学"
          },
          
          {
            "n": "苏教版",
            "v": "苏教版高一化学"
          }
        ]
      },
      {
        "key": "duration",
        "name": "时长",
        "value": [
          {
            "n": "全部",
            "v": "0"
          },
          {
            "n": "60分钟以上",
            "v": "4"
          },
          {
            "n": "30~60分钟",
            "v": "3"
          },
          {
            "n": "10~30分钟",
            "v": "2"
          },
          {
            "n": "10分钟以下",
            "v": "1"
          }
        ]
      }
    ],


    "高一历史": [
      {
        "key": "tid",
        "name": "分类",
        "value": [
          {
            "n": "全部",
            "v": "0"
          },
          {
            "n": "沪教版",
            "v": "沪教版高一历史"
          },
          {
            "n": "人教版",
            "v": "人教版高一历史"
          },
          {
            "n": "北师大版",
            "v": "北师大版高一历史"
          },
          
          {
            "n": "苏教版",
            "v": "苏教版高一历史"
          }
        ]
      },
      {
        "key": "duration",
        "name": "时长",
        "value": [
          {
            "n": "全部",
            "v": "0"
          },
          {
            "n": "60分钟以上",
            "v": "4"
          },
          {
            "n": "30~60分钟",
            "v": "3"
          },
          {
            "n": "10~30分钟",
            "v": "2"
          },
          {
            "n": "10分钟以下",
            "v": "1"
          }
        ]
      }
    ],


    "高一生物": [
      {
        "key": "tid",
        "name": "分类",
        "value": [
          {
            "n": "全部",
            "v": "0"
          },
          {
            "n": "沪教版",
            "v": "沪教版高一生物"
          },
          {
            "n": "人教版",
            "v": "人教版高一生物"
          },
          {
            "n": "北师大版",
            "v": "北师大版高一生物"
          },
          
          {
            "n": "苏教版",
            "v": "苏教版高一生物"
          }
        ]
      },
      {
        "key": "duration",
        "name": "时长",
        "value": [
          {
            "n": "全部",
            "v": "0"
          },
          {
            "n": "60分钟以上",
            "v": "4"
          },
          {
            "n": "30~60分钟",
            "v": "3"
          },
          {
            "n": "10~30分钟",
            "v": "2"
          },
          {
            "n": "10分钟以下",
            "v": "1"
          }
        ]
      }
    ],


    "高一思想政治": [
      {
        "key": "tid",
        "name": "分类",
        "value": [
          {
            "n": "全部",
            "v": "0"
          },
          {
            "n": "沪教版",
            "v": "沪教版高一思想政治"
          },
          {
            "n": "人教版",
            "v": "人教版高一思想政治"
          },
          {
            "n": "北师大版",
            "v": "北师大版高一思想政治"
          },
          
          {
            "n": "苏教版",
            "v": "苏教版高一思想政治"
          }
        ]
      },
      {
        "key": "duration",
        "name": "时长",
        "value": [
          {
            "n": "全部",
            "v": "0"
          },
          {
            "n": "60分钟以上",
            "v": "4"
          },
          {
            "n": "30~60分钟",
            "v": "3"
          },
          {
            "n": "10~30分钟",
            "v": "2"
          },
          {
            "n": "10分钟以下",
            "v": "1"
          }
        ]
      }
    ],


    "高一地理": [
      {
        "key": "tid",
        "name": "分类",
        "value": [
          {
            "n": "全部",
            "v": "0"
          },
          {
            "n": "沪教版",
            "v": "沪教版高一地理"
          },
          {
            "n": "人教版",
            "v": "人教版高一地理"
          },
          {
            "n": "北师大版",
            "v": "北师大版高一地理"
          },
          
          {
            "n": "苏教版",
            "v": "苏教版高一地理"
          }
        ]
      },
      {
        "key": "duration",
        "name": "时长",
        "value": [
          {
            "n": "全部",
            "v": "0"
          },
          {
            "n": "60分钟以上",
            "v": "4"
          },
          {
            "n": "30~60分钟",
            "v": "3"
          },
          {
            "n": "10~30分钟",
            "v": "2"
          },
          {
            "n": "10分钟以下",
            "v": "1"
          }
        ]
      }
    ],


 "高二语文": [
      {
        "key": "tid",
        "name": "分类",
        "value": [
          {
            "n": "全部",
            "v": "0"
          },
          {
            "n": "沪教版",
            "v": "沪教版高二语文"
          },
          {
            "n": "人教版",
            "v": "人教版高二语文"
          },
          {
            "n": "北师大版",
            "v": "北师大版高二语文"
          },
          
          {
            "n": "苏教版",
            "v": "苏教版高二语文"
          }
        ]
      },
      {
        "key": "duration",
        "name": "时长",
        "value": [
          {
            "n": "全部",
            "v": "0"
          },
          {
            "n": "60分钟以上",
            "v": "4"
          },
          {
            "n": "30~60分钟",
            "v": "3"
          },
          {
            "n": "10~30分钟",
            "v": "2"
          },
          {
            "n": "10分钟以下",
            "v": "1"
          }
        ]
      }
    ],

    "高二英语": [
      {
        "key": "tid",
        "name": "分类",
        "value": [
          {
            "n": "全部",
            "v": "0"
          },
          {
            "n": "沪教版",
            "v": "沪教版高二英语"
          },
          {
            "n": "人教版",
            "v": "人教版高二英语"
          },
          {
            "n": "北师大版",
            "v": "北师大版高二英语"
          },
          
          {
            "n": "苏教版",
            "v": "苏教版高二英语"
          }
        ]
      },
      {
        "key": "duration",
        "name": "时长",
        "value": [
          {
            "n": "全部",
            "v": "0"
          },
          {
            "n": "60分钟以上",
            "v": "4"
          },
          {
            "n": "30~60分钟",
            "v": "3"
          },
          {
            "n": "10~30分钟",
            "v": "2"
          },
          {
            "n": "10分钟以下",
            "v": "1"
          }
        ]
      }
    ],

    
    "高二数学": [
      {
        "key": "tid",
        "name": "分类",
        "value": [
          {
            "n": "全部",
            "v": "0"
          },
          {
            "n": "沪教版",
            "v": "沪教版高二数学"
          },
          {
            "n": "人教版",
            "v": "人教版高二数学"
          },
          {
            "n": "北师大版",
            "v": "北师大版高二数学"
          },
          
          {
            "n": "苏教版",
            "v": "苏教版高二数学"
          }
        ]
      },
      {
        "key": "duration",
        "name": "时长",
        "value": [
          {
            "n": "全部",
            "v": "0"
          },
          {
            "n": "60分钟以上",
            "v": "4"
          },
          {
            "n": "30~60分钟",
            "v": "3"
          },
          {
            "n": "10~30分钟",
            "v": "2"
          },
          {
            "n": "10分钟以下",
            "v": "1"
          }
        ]
      }
    ],

 
    "高二物理": [
      {
        "key": "tid",
        "name": "分类",
        "value": [
          {
            "n": "全部",
            "v": "0"
          },
          {
            "n": "沪教版",
            "v": "沪教版高二物理"
          },
          {
            "n": "人教版",
            "v": "人教版高二物理"
          },
          {
            "n": "北师大版",
            "v": "北师大版高二物理"
          },
          
          {
            "n": "苏教版",
            "v": "苏教版高二物理"
          }
        ]
      },
      {
        "key": "duration",
        "name": "时长",
        "value": [
          {
            "n": "全部",
            "v": "0"
          },
          {
            "n": "60分钟以上",
            "v": "4"
          },
          {
            "n": "30~60分钟",
            "v": "3"
          },
          {
            "n": "10~30分钟",
            "v": "2"
          },
          {
            "n": "10分钟以下",
            "v": "1"
          }
        ]
      }
    ],


    "高二化学": [
      {
        "key": "tid",
        "name": "分类",
        "value": [
          {
            "n": "全部",
            "v": "0"
          },
          {
            "n": "沪教版",
            "v": "沪教版高二化学"
          },
          {
            "n": "人教版",
            "v": "人教版高二化学"
          },
          {
            "n": "北师大版",
            "v": "北师大版高二化学"
          },
          
          {
            "n": "苏教版",
            "v": "苏教版高二化学"
          }
        ]
      },
      {
        "key": "duration",
        "name": "时长",
        "value": [
          {
            "n": "全部",
            "v": "0"
          },
          {
            "n": "60分钟以上",
            "v": "4"
          },
          {
            "n": "30~60分钟",
            "v": "3"
          },
          {
            "n": "10~30分钟",
            "v": "2"
          },
          {
            "n": "10分钟以下",
            "v": "1"
          }
        ]
      }
    ],


    "高二历史": [
      {
        "key": "tid",
        "name": "分类",
        "value": [
          {
            "n": "全部",
            "v": "0"
          },
          {
            "n": "沪教版",
            "v": "沪教版高二历史"
          },
          {
            "n": "人教版",
            "v": "人教版高二历史"
          },
          {
            "n": "北师大版",
            "v": "北师大版高二历史"
          },
          
          {
            "n": "苏教版",
            "v": "苏教版高二历史"
          }
        ]
      },
      {
        "key": "duration",
        "name": "时长",
        "value": [
          {
            "n": "全部",
            "v": "0"
          },
          {
            "n": "60分钟以上",
            "v": "4"
          },
          {
            "n": "30~60分钟",
            "v": "3"
          },
          {
            "n": "10~30分钟",
            "v": "2"
          },
          {
            "n": "10分钟以下",
            "v": "1"
          }
        ]
      }
    ],


    "高二生物": [
      {
        "key": "tid",
        "name": "分类",
        "value": [
          {
            "n": "全部",
            "v": "0"
          },
          {
            "n": "沪教版",
            "v": "沪教版高二生物"
          },
          {
            "n": "人教版",
            "v": "人教版高二生物"
          },
          {
            "n": "北师大版",
            "v": "北师大版高二生物"
          },
          
          {
            "n": "苏教版",
            "v": "苏教版高二生物"
          }
        ]
      },
      {
        "key": "duration",
        "name": "时长",
        "value": [
          {
            "n": "全部",
            "v": "0"
          },
          {
            "n": "60分钟以上",
            "v": "4"
          },
          {
            "n": "30~60分钟",
            "v": "3"
          },
          {
            "n": "10~30分钟",
            "v": "2"
          },
          {
            "n": "10分钟以下",
            "v": "1"
          }
        ]
      }
    ],


    "高二思想政治": [
      {
        "key": "tid",
        "name": "分类",
        "value": [
          {
            "n": "全部",
            "v": "0"
          },
          {
            "n": "沪教版",
            "v": "沪教版高二思想政治"
          },
          {
            "n": "人教版",
            "v": "人教版高二思想政治"
          },
          {
            "n": "北师大版",
            "v": "北师大版高二思想政治"
          },
          
          {
            "n": "苏教版",
            "v": "苏教版高二思想政治"
          }
        ]
      },
      {
        "key": "duration",
        "name": "时长",
        "value": [
          {
            "n": "全部",
            "v": "0"
          },
          {
            "n": "60分钟以上",
            "v": "4"
          },
          {
            "n": "30~60分钟",
            "v": "3"
          },
          {
            "n": "10~30分钟",
            "v": "2"
          },
          {
            "n": "10分钟以下",
            "v": "1"
          }
        ]
      }
    ],


    "高二地理": [
      {
        "key": "tid",
        "name": "分类",
        "value": [
          {
            "n": "全部",
            "v": "0"
          },
          {
            "n": "沪教版",
            "v": "沪教版高二地理"
          },
          {
            "n": "人教版",
            "v": "人教版高二地理"
          },
          {
            "n": "北师大版",
            "v": "北师大版高二地理"
          },
          
          {
            "n": "苏教版",
            "v": "苏教版高二地理"
          }
        ]
      },
      {
        "key": "duration",
        "name": "时长",
        "value": [
          {
            "n": "全部",
            "v": "0"
          },
          {
            "n": "60分钟以上",
            "v": "4"
          },
          {
            "n": "30~60分钟",
            "v": "3"
          },
          {
            "n": "10~30分钟",
            "v": "2"
          },
          {
            "n": "10分钟以下",
            "v": "1"
          }
        ]
      }
    ],



 "高三语文": [
      {
        "key": "tid",
        "name": "分类",
        "value": [
          {
            "n": "全部",
            "v": "0"
          },
          {
            "n": "沪教版",
            "v": "沪教版高三语文"
          },
          {
            "n": "人教版",
            "v": "人教版高三语文"
          },
          {
            "n": "北师大版",
            "v": "北师大版高三语文"
          },
          
          {
            "n": "苏教版",
            "v": "苏教版高三语文"
          }
        ]
      },
      {
        "key": "duration",
        "name": "时长",
        "value": [
          {
            "n": "全部",
            "v": "0"
          },
          {
            "n": "60分钟以上",
            "v": "4"
          },
          {
            "n": "30~60分钟",
            "v": "3"
          },
          {
            "n": "10~30分钟",
            "v": "2"
          },
          {
            "n": "10分钟以下",
            "v": "1"
          }
        ]
      }
    ],

    "高三英语": [
      {
        "key": "tid",
        "name": "分类",
        "value": [
          {
            "n": "全部",
            "v": "0"
          },
          {
            "n": "沪教版",
            "v": "沪教版高三英语"
          },
          {
            "n": "人教版",
            "v": "人教版高三英语"
          },
          {
            "n": "北师大版",
            "v": "北师大版高三英语"
          },
          
          {
            "n": "苏教版",
            "v": "苏教版高三英语"
          }
        ]
      },
      {
        "key": "duration",
        "name": "时长",
        "value": [
          {
            "n": "全部",
            "v": "0"
          },
          {
            "n": "60分钟以上",
            "v": "4"
          },
          {
            "n": "30~60分钟",
            "v": "3"
          },
          {
            "n": "10~30分钟",
            "v": "2"
          },
          {
            "n": "10分钟以下",
            "v": "1"
          }
        ]
      }
    ],

    
    "高三数学": [
      {
        "key": "tid",
        "name": "分类",
        "value": [
          {
            "n": "全部",
            "v": "0"
          },
          {
            "n": "沪教版",
            "v": "沪教版高三数学"
          },
          {
            "n": "人教版",
            "v": "人教版高三数学"
          },
          {
            "n": "北师大版",
            "v": "北师大版高三数学"
          },
          
          {
            "n": "苏教版",
            "v": "苏教版高三数学"
          }
        ]
      },
      {
        "key": "duration",
        "name": "时长",
        "value": [
          {
            "n": "全部",
            "v": "0"
          },
          {
            "n": "60分钟以上",
            "v": "4"
          },
          {
            "n": "30~60分钟",
            "v": "3"
          },
          {
            "n": "10~30分钟",
            "v": "2"
          },
          {
            "n": "10分钟以下",
            "v": "1"
          }
        ]
      }
    ],

 
    "高三物理": [
      {
        "key": "tid",
        "name": "分类",
        "value": [
          {
            "n": "全部",
            "v": "0"
          },
          {
            "n": "沪教版",
            "v": "沪教版高三物理"
          },
          {
            "n": "人教版",
            "v": "人教版高三物理"
          },
          {
            "n": "北师大版",
            "v": "北师大版高三物理"
          },
          
          {
            "n": "苏教版",
            "v": "苏教版高三物理"
          }
        ]
      },
      {
        "key": "duration",
        "name": "时长",
        "value": [
          {
            "n": "全部",
            "v": "0"
          },
          {
            "n": "60分钟以上",
            "v": "4"
          },
          {
            "n": "30~60分钟",
            "v": "3"
          },
          {
            "n": "10~30分钟",
            "v": "2"
          },
          {
            "n": "10分钟以下",
            "v": "1"
          }
        ]
      }
    ],


    "高三化学": [
      {
        "key": "tid",
        "name": "分类",
        "value": [
          {
            "n": "全部",
            "v": "0"
          },
          {
            "n": "沪教版",
            "v": "沪教版高三化学"
          },
          {
            "n": "人教版",
            "v": "人教版高三化学"
          },
          {
            "n": "北师大版",
            "v": "北师大版高三化学"
          },
          
          {
            "n": "苏教版",
            "v": "苏教版高三化学"
          }
        ]
      },
      {
        "key": "duration",
        "name": "时长",
        "value": [
          {
            "n": "全部",
            "v": "0"
          },
          {
            "n": "60分钟以上",
            "v": "4"
          },
          {
            "n": "30~60分钟",
            "v": "3"
          },
          {
            "n": "10~30分钟",
            "v": "2"
          },
          {
            "n": "10分钟以下",
            "v": "1"
          }
        ]
      }
    ],


    "高三历史": [
      {
        "key": "tid",
        "name": "分类",
        "value": [
          {
            "n": "全部",
            "v": "0"
          },
          {
            "n": "沪教版",
            "v": "沪教版高三历史"
          },
          {
            "n": "人教版",
            "v": "人教版高三历史"
          },
          {
            "n": "北师大版",
            "v": "北师大版高三历史"
          },
          
          {
            "n": "苏教版",
            "v": "苏教版高三历史"
          }
        ]
      },
      {
        "key": "duration",
        "name": "时长",
        "value": [
          {
            "n": "全部",
            "v": "0"
          },
          {
            "n": "60分钟以上",
            "v": "4"
          },
          {
            "n": "30~60分钟",
            "v": "3"
          },
          {
            "n": "10~30分钟",
            "v": "2"
          },
          {
            "n": "10分钟以下",
            "v": "1"
          }
        ]
      }
    ],


    "高三生物": [
      {
        "key": "tid",
        "name": "分类",
        "value": [
          {
            "n": "全部",
            "v": "0"
          },
          {
            "n": "沪教版",
            "v": "沪教版高三生物"
          },
          {
            "n": "人教版",
            "v": "人教版高三生物"
          },
          {
            "n": "北师大版",
            "v": "北师大版高三生物"
          },
          
          {
            "n": "苏教版",
            "v": "苏教版高三生物"
          }
        ]
      },
      {
        "key": "duration",
        "name": "时长",
        "value": [
          {
            "n": "全部",
            "v": "0"
          },
          {
            "n": "60分钟以上",
            "v": "4"
          },
          {
            "n": "30~60分钟",
            "v": "3"
          },
          {
            "n": "10~30分钟",
            "v": "2"
          },
          {
            "n": "10分钟以下",
            "v": "1"
          }
        ]
      }
    ],


    "高三思想政治": [
      {
        "key": "tid",
        "name": "分类",
        "value": [
          {
            "n": "全部",
            "v": "0"
          },
          {
            "n": "沪教版",
            "v": "沪教版高三思想政治"
          },
          {
            "n": "人教版",
            "v": "人教版高三思想政治"
          },
          {
            "n": "北师大版",
            "v": "北师大版高三思想政治"
          },
          
          {
            "n": "苏教版",
            "v": "苏教版高三思想政治"
          }
        ]
      },
      {
        "key": "duration",
        "name": "时长",
        "value": [
          {
            "n": "全部",
            "v": "0"
          },
          {
            "n": "60分钟以上",
            "v": "4"
          },
          {
            "n": "30~60分钟",
            "v": "3"
          },
          {
            "n": "10~30分钟",
            "v": "2"
          },
          {
            "n": "10分钟以下",
            "v": "1"
          }
        ]
      }
    ],


    "高三地理": [
      {
        "key": "tid",
        "name": "分类",
        "value": [
          {
            "n": "全部",
            "v": "0"
          },
          {
            "n": "沪教版",
            "v": "沪教版高三地理"
          },
          {
            "n": "人教版",
            "v": "人教版高三地理"
          },
          {
            "n": "北师大版",
            "v": "北师大版高三地理"
          },
          
          {
            "n": "苏教版",
            "v": "苏教版高三地理"
          }
        ]
      },
      {
        "key": "duration",
        "name": "时长",
        "value": [
          {
            "n": "全部",
            "v": "0"
          },
          {
            "n": "60分钟以上",
            "v": "4"
          },
          {
            "n": "30~60分钟",
            "v": "3"
          },
          {
            "n": "10~30分钟",
            "v": "2"
          },
          {
            "n": "10分钟以下",
            "v": "1"

          }
        ]
      }
    ]
  }
}