{
  "classes": [
    {
      "type_name": "舞蹈",
      "type_id": "舞蹈MV 4K"
    },
    {
      "type_name": "宅舞",
      "type_id": "宅舞 4K"
    },
    {
      "type_name": "热舞",
      "type_id": "热舞 4K"
    },
    {
      "type_name": "古风舞蹈",
      "type_id": "古风舞蹈 4K"
    },
    {
      "type_name": "印度歌舞",
      "type_id": "印度歌舞 4K"
    },
    {
      "type_name": "中国女团",
      "type_id": "中国女团 4K"
    },
    {
      "type_name": "日本女团",
      "type_id": "日本女团 4K"
    },
    {
      "type_name": "韩国女团",
      "type_id": "韩国女团 4K"
    }
  ],
  "舞蹈 4K": [
    {
      "key": "tid",
      "name": "分类",
      "value": [
        {
          "n": "全部",
          "v": "舞蹈"
        },
        {
          "n": "宅舞",
          "v": "宅舞"
        },
        {
          "n": "街舞",
          "v": "街舞"
        },
        {
          "n": "明星舞蹈",
          "v": "明星舞蹈"
        },
        {
          "n": "韩舞",
          "v": "韩舞"
        },
        {
          "n": "古典舞",
          "v": "古典舞"
        },
        {
          "n": "翻跳",
          "v": "翻跳"
        },
        {
          "n": "中国舞",
          "v": "中国舞"
        },
        {
          "n": "古风舞",
          "v": "古风舞"
        },
        {
          "n": "现代舞",
          "v": "现代舞"
        },
        {
          "n": "爵士舞",
          "v": "爵士舞"
        },
        {
          "n": "芭蕾",
          "v": "芭蕾"
        },
        {
          "n": "编舞",
          "v": "编舞"
        },
        {
          "n": "POPPING",
          "v": "POPPING"
        },
        {
          "n": "极乐净土",
          "v": "极乐净土"
        },
        {
          "n": "桃源恋歌",
          "v": "桃源恋歌"
        },
        {
          "n": "新宝岛",
          "v": "新宝岛"
        },
        {
          "n": "拉丁舞",
          "v": "拉丁舞"
        },
        {
          "n": "蹦迪",
          "v": "蹦迪"
        },
        {
          "n": "民族舞",
          "v": "民族舞"
        },
        {
          "n": "抖肩舞",
          "v": "抖肩舞"
        },
        {
          "n": "齐舞",
          "v": "齐舞"
        },
        {
          "n": "机械舞",
          "v": "机械舞"
        },
        {
          "n": "广场舞",
          "v": "广场舞"
        },
        {
          "n": "BDF",
          "v": "BDF"
        },
        {
          "n": "抖音合集",
          "v": "抖音合集"
        },
        {
          "n": "快手美女合集",
          "v": "快手美女合集"
        },
        {
          "n": "练习室",
          "v": "练习室"
        },
        {
          "n": "美女舞蹈",
          "v": "美女舞蹈"
        },
        {
          "n": "牛仔裤",
          "v": "牛仔裤"
        },
        {
          "n": "黑丝",
          "v": "黑丝"
        },
        {
          "n": "超短裤",
          "v": "超短裤"
        },
        {
          "n": "超短裙",
          "v": "超短裙"
        },
        {
          "n": "舞蹈综合",
          "v": "舞蹈综合"
        },
        {
          "n": "舞蹈教程",
          "v": "舞蹈教程"
        }
      ]
    },
    {
      "key": "duration",
      "name": "时长",
      "value": [
        {
          "n": "全部",
          "v": "0"
        },
        {
          "n": "60分钟以上",
          "v": "4"
        },
        {
          "n": "30~60分钟",
          "v": "3"
        },
        {
          "n": "10~30分钟",
          "v": "2"
        },
        {
          "n": "10分钟以下",
          "v": "1"
        }
      ]
    }
  ],
  "女团 4K": [
    {
      "key": "tid",
      "name": "女团",
      "value": [
        {
          "n": "全部",
          "v": "女团 MV 合集"
        }
      ]
    },
    {
      "key": "tid",
      "name": "中国女团",
      "value": [
        {
          "n": "SNH48",
          "v": "SNH48 MV 合集"
        },
        {
          "n": "S.H.E",
          "v": "S.H.E MV 合集"
        },
        {
          "n": "Twins",
          "v": "Twins MV 合集"
        },
        {
          "n": "火箭少女101",
          "v": "火箭少女101 MV 合集"
        },
        {
          "n": "BY2",
          "v": "BY2 MV 合集"
        },
        {
          "n": "S.I.N.G",
          "v": "S.I.N.G MV 合集"
        },
        {
          "n": "3unshine",
          "v": "3unshine MV 合集"
        },
        {
          "n": "蜜蜂少女队",
          "v": "蜜蜂少女队 MV 合集"
        },
        {
          "n": "七朵组合",
          "v": "七朵组合 MV 合集"
        },
        {
          "n": "GNZ48",
          "v": "GNZ48 MV 合集"
        }
      ]
    },
    {
      "key": "tid",
      "name": "韩国女团",
      "value": [
        {
          "n": "全部",
          "v": "韩国女团 MV 合集"
        },
        {
          "n": "TWICE",
          "v": "TWICE MV 合集"
        },
        {
          "n": "4MINUTE",
          "v": "4MINUTE MV 合集"
        },
        {
          "n": "EXID",
          "v": "EXID MV 合集"
        },
        {
          "n": "KARA",
          "v": "KARA MV 合集"
        },
        {
          "n": "TARA",
          "v": "TARA MV 合集"
        },
        {
          "n": "BLACKPINK",
          "v": "BLACKPINK MV 合集"
        },
        {
          "n": "LOONA",
          "v": "LOONA MV 合集"
        },
        {
          "n": "ITZY",
          "v": "ITZY MV 合集"
        },
        {
          "n": "Red Velvet",
          "v": "Red Velvet MV 合集"
        },
        {
          "n": "Everglow",
          "v": "Everglow MV 合集"
        },
        {
          "n": "Mamamoo",
          "v": "Mamamoo MV 合集"
        },
        {
          "n": "少女时代",
          "v": "少女时代 MV 合集"
        },
        {
          "n": "S.E.S",
          "v": "S.E.S MV 合集"
        },
        {
          "n": "FIN.K.L",
          "v": "FIN.K.L MV 合集"
        },
        {
          "n": "2NE1",
          "v": "2NE1 MV 合集"
        },
        {
          "n": "Wonder Girls",
          "v": "Wonder Girls MV 合集"
        },
        {
          "n": "IZ*ONE",
          "v": "IZ*ONE MV 合集"
        },
        {
          "n": "Sistar",
          "v": "Sistar MV 合集"
        },
        {
          "n": "Apink",
          "v": "Apink MV 合集"
        },
        {
          "n": "AOA",
          "v": "AOA MV 合集"
        },
        {
          "n": "GFRIEND",
          "v": "GFRIEND MV 合集"
        },
        {
          "n": "f(x)",
          "v": "f(x) MV 合集"
        },
        {
          "n": "(G)I-DLE",
          "v": "(G)I-DLE MV 合集"
        },
        {
          "n": "Itzy",
          "v": "Itzy MV 合集"
        },
        {
          "n": "Oh! GG",
          "v": "Oh! GG MV 合集"
        },
        {
          "n": "GirlCrush",
          "v": "GirlCrush MV 合集"
        }
      ]
    },
    {
      "key": "tid",
      "name": "日本女团",
      "value": [
        {
          "n": "全部",
          "v": "日本女团 MV 合集"
        },
        {
          "n": "AKB48",
          "v": "AKB48 MV 合集"
        },
        {
          "n": "SKE48",
          "v": "SKE48 MV 合集"
        },
        {
          "n": "NMB48",
          "v": "NMB48 MV 合集"
        },
        {
          "n": "JKT48",
          "v": "JKT48 MV 合集"
        },
        {
          "n": "HKT48",
          "v": "HKT48 MV 合集"
        },
        {
          "n": "AKB48 Team TP",
          "v": "AKB48 Team TP MV 合集"
        },
        {
          "n": "Perfume",
          "v": "Perfume MV 合集"
        },
        {
          "n": "桃色幸运草Z",
          "v": "桃色幸运草Z MV 合集"
        },
        {
          "n": "乃木坂46乃",
          "v": "乃木坂46乃 MV 合集"
        },
        {
          "n": "樱坂46",
          "v": "樱坂46 MV 合集"
        },
        {
          "n": "日向坂46",
          "v": "日向坂46 MV 合集"
        },
        {
          "n": "E-girls",
          "v": "E-girls MV 合集"
        },
        {
          "n": "NiziU",
          "v": "NiziU MV 合集"
        },
        {
          "n": "BiSH",
          "v": "BiSH MV 合集"
        },
        {
          "n": "早安少女组",
          "v": "早安少女组 MV 合集"
        }
      ]
    },
    {
      "key": "duration",
      "name": "时长",
      "value": [
        {
          "n": "全部",
          "v": "0"
        },
        {
          "n": "60分钟以上",
          "v": "4"
        },
        {
          "n": "30~60分钟",
          "v": "3"
        },
        {
          "n": "10~30分钟",
          "v": "2"
        },
        {
          "n": "10分钟以下",
          "v": "1"
        }
      ]
    }
  ]
}
